Model,TBS2074B
Firmware Version,v1.31.16

Point Format,Y,,,
Horizontal Units,S,,,
Horizontal Scale,0.0004,,,
Sample Interval,3.2e-06,,,
Filter Frequency,2e+08,,,
Record Length,2000,,,
Gating,0.0% to 100.0%,0.0% to 100.0%,0.0% to 100.0%,0.0% to 100.0%
Probe Attenuation,10,10,1,1
Vertical Units,V,V,V,V
Vertical Offset,0,0,0,0
Vertical Scale,5,0.02,0.5,1
Label,,,,
TIME,CH1,CH2,CH3,CH4
-2.256e-03,-0.248437,0.0271563,-1.35,4.33391
-2.253e-03,-0.250781,0.0257125,-1.35,4.33469
-2.250e-03,-0.25,0.0244656,-1.35,4.33422
-2.246e-03,-0.239843,0.0233156,-1.36047,4.33125
-2.243e-03,-0.248437,0.0223,-1.35359,4.33125
-2.240e-03,-0.2625,0.0215313,-1.36164,4.33594
-2.237e-03,-0.255468,0.0208094,-1.37,4.33141
-2.234e-03,-0.258593,0.0200531,-1.37,4.33266
-2.230e-03,-0.252343,0.0195281,-1.36992,4.33312
-2.227e-03,-0.247656,0.0194,-1.37234,4.33453
-2.224e-03,-0.251562,0.0190156,-1.375,4.33187
-2.221e-03,-0.257812,0.0187656,-1.38383,4.33516
-2.218e-03,-0.253125,0.0187938,-1.39,4.33203
-2.214e-03,-0.148437,0.0188063,-1.39,4.33484
-2.211e-03,-0.25,0.0188063,-1.38992,4.33625
-2.208e-03,-0.257031,0.0190531,-1.39016,4.33281
-2.205e-03,-0.248437,0.0192656,-1.39289,4.33281
-2.202e-03,-0.249218,0.0195969,-1.39984,4.33625
-2.198e-03,-0.260156,0.0198594,-1.40992,4.33391
-2.195e-03,-0.267968,0.0202313,-1.40992,4.33469
-2.192e-03,-0.245312,0.0211281,-1.41,4.33203
-2.189e-03,-0.255468,0.0218125,-1.41008,4.33125
-2.186e-03,-0.24375,0.0226438,-1.41203,4.33172
-2.182e-03,-0.269531,0.023725,-1.41703,4.33672
-2.179e-03,-0.248437,0.0248781,-1.42992,4.33297
-2.176e-03,-0.246875,0.0261188,-1.43,4.33578
-2.173e-03,-0.263281,0.0277563,-1.43,4.33484
-2.170e-03,-0.25625,0.0295688,-1.43,4.33422
-2.166e-03,-0.246093,0.0317125,-1.43008,4.33437
-2.163e-03,-0.299218,0.034075,-1.43281,4.315
-2.160e-03,-0.25,0.0367875,-1.4432,4.33359
-2.157e-03,-0.25,0.0394688,-1.44992,4.31266
-2.154e-03,-0.299218,0.0424281,-1.44992,4.33187
-2.150e-03,-0.257031,0.0453656,-1.45,4.33375
-2.147e-03,-0.260937,0.0481312,-1.45,4.3325
-2.144e-03,-0.246875,0.05075,-1.45094,4.33547
-2.141e-03,-0.259375,0.0532875,-1.45391,4.335
-2.138e-03,-0.258593,0.05555,-1.46461,4.33328
-2.134e-03,-0.254687,0.0576781,-1.47,4.33109
-2.131e-03,-0.254687,0.0590656,-1.46992,4.33125
-2.128e-03,-0.246875,0.0598656,-1.47,4.33547
-2.125e-03,-0.258593,0.0600937,-1.47008,4.32891
-2.122e-03,-0.255468,0.0591344,-1.47227,4.33312
-2.118e-03,-0.25,0.0578875,-1.47484,4.33391
-2.115e-03,-0.246093,0.0560437,-1.48992,4.33141
-2.112e-03,-0.251562,0.0539437,-1.49,4.33391
-2.109e-03,-0.260156,0.0517125,-1.49,4.33422
-2.106e-03,-0.25,0.0496062,-1.49,4.33172
-2.102e-03,-0.299218,0.0474312,-1.49016,4.33125
-2.099e-03,-0.247656,0.0455156,-1.49313,4.33469
-2.096e-03,-0.25625,0.0437312,-1.50078,4.31062
-2.093e-03,-0.24375,0.0423125,-1.51,4.3325
-2.090e-03,-0.247656,0.040875,-1.51,4.33625
-2.086e-03,-0.249218,0.0396781,-1.51,4.33281
-2.083e-03,-0.25,0.038725,-1.51016,4.33562
-2.080e-03,-0.246875,0.0379031,-1.51258,4.33437
-2.077e-03,-0.254687,0.0373656,-1.515,4.33344
-2.074e-03,-0.254687,0.0369563,-1.52242,4.33047
-2.070e-03,-0.260156,0.0365219,-1.52992,4.33469
-2.067e-03,-0.258593,0.0362375,-1.53,4.33375
-2.064e-03,-0.257031,0.0363906,-1.53,4.33297
-2.061e-03,-0.253125,0.0364031,-1.53,4.33406
-2.058e-03,-0.249218,0.0361813,-1.53242,4.33422
-2.054e-03,-0.250781,0.0364781,-1.53992,4.33344
-2.051e-03,-0.248437,0.0369,-1.54008,4.30016
-2.048e-03,-0.258593,0.0373969,-1.55,4.14031
-2.045e-03,-0.239062,0.0378063,-1.55,3.77703
-2.042e-03,-0.239062,0.0387094,-1.55016,2.82047
-2.038e-03,-0.251562,0.0393688,-1.55148,1.04859
-2.035e-03,-0.25,0.0404281,-1.55406,0.14
-2.032e-03,-0.242968,0.041425,-1.56156,0.100156
-2.029e-03,-0.245312,0.0423563,-1.57,0.0999999
-2.026e-03,-0.247656,0.0433375,-1.57,0.0999999
-2.022e-03,-0.244531,0.0441906,-1.57,0.0971874
-2.019e-03,-0.252343,0.0451875,-1.57016,0.0692187
-2.016e-03,-0.255468,0.0460125,-1.57234,0.0599999
-2.013e-03,-0.246093,0.046825,-1.57484,0.0599999
-2.010e-03,-0.250781,0.0475719,-1.58305,0.0601562
-2.006e-03,-0.25,0.0478344,-1.59,0.0599999
-2.003e-03,-0.246875,0.0482719,-1.59,0.0599999
-2.000e-03,-0.14375,0.0481469,-1.59008,0.0598437
-1.997e-03,-0.246875,0.0477469,-1.59031,0.0598437
-1.994e-03,-0.246093,0.0472125,-1.59781,0.0417187
-1.990e-03,-0.253906,0.0465562,-1.59391,0.0598437
-1.987e-03,-0.244531,0.0459187,-1.60141,0.0581249
-1.984e-03,-0.244531,0.0452937,-1.60766,0.0584374
-1.981e-03,-0.235937,0.0448375,-1.61,0.0551562
-1.978e-03,-0.239843,0.0443375,-1.60992,0.0595312
-1.974e-03,-0.247656,0.0440375,-1.61008,0.0548437
-1.971e-03,-0.25,0.043775,-1.61336,0.0571874
-1.968e-03,-0.252343,0.0435656,-1.61305,0.0565624
-1.965e-03,-0.241406,0.0435562,-1.61789,0.0559374
-1.962e-03,-0.2375,0.0435812,-1.61813,0.0576562
-1.958e-03,-0.242968,0.0435969,-1.63,0.0553124
-1.955e-03,-0.239062,0.0436531,-1.63,0.0564062
-1.952e-03,-0.241406,0.0437219,-1.63,0.0592187
-1.949e-03,-0.24375,0.043775,-1.63227,0.0590624
-1.946e-03,-0.244531,0.0439812,-1.63461,0.0570312
-1.942e-03,-0.299218,0.0441719,-1.6432,0.0584374
-1.939e-03,-0.238281,0.0442937,-1.65,0.0574999
-1.936e-03,-0.241406,0.0449219,-1.65,0.0590624
-1.933e-03,-0.242968,0.0450969,-1.65,0.0579687
-1.930e-03,-0.241406,0.0454437,-1.65508,0.0598437
-1.926e-03,-0.220312,0.0460187,-1.65281,0.0596874
-1.923e-03,-0.230468,0.046175,-1.65227,0.0598437
-1.920e-03,-0.228125,0.0468531,-1.65438,0.0559374
-1.917e-03,-0.227343,0.0471781,-1.66594,0.0589062
-1.914e-03,-0.224218,0.0478906,-1.67,0.0598437
-1.910e-03,-0.234375,0.0482625,-1.67,0.0565624
-1.907e-03,-0.23125,0.0488375,-1.67016,0.0599999
-1.904e-03,-0.228906,0.0495812,-1.67281,0.0599999
-1.901e-03,-0.225,0.0501062,-1.6743,0.0578124
-1.898e-03,-0.220312,0.0508062,-1.68227,0.0578124
-1.894e-03,-0.235156,0.0516687,-1.69,0.0599999
-1.891e-03,-0.2125,0.0524437,-1.69,0.0596874
-1.888e-03,-0.220312,0.0533625,-1.69,0.0598437
-1.885e-03,-0.215625,0.0541656,-1.69172,0.0579687
-1.882e-03,-0.213281,0.0549531,-1.69422,0.0593749
-1.878e-03,-0.207812,0.0562594,-1.69531,0.0596874
-1.875e-03,-0.299218,0.0573375,-1.70273,0.0599999
-1.872e-03,-0.2,0.0585344,-1.71,0.0587499
-1.869e-03,-0.208593,0.0597937,-1.70992,0.0564062
-1.866e-03,-0.190625,0.0611687,-1.71,0.0598437
-1.862e-03,-0.196093,0.0627687,-1.71328,0.0599999
-1.859e-03,-0.204687,0.0642219,-1.71367,0.0590624
-1.856e-03,-0.176562,0.0655344,-1.7182,0.0598437
-1.853e-03,-0.1875,0.0669562,-1.72164,0.0576562
-1.850e-03,-0.189062,0.0683437,-1.73,0.0415624
-1.846e-03,-0.177343,0.0695656,-1.73,0.0593749
-1.843e-03,-0.100781,0.0706969,-1.73,0.0599999
-1.840e-03,-0.160937,0.0717031,-1.73273,0.0595312
-1.837e-03,-0.167187,0.0724344,-1.73414,0.0601562
-1.834e-03,-0.148437,0.0729281,-1.74,0.0598437
-1.830e-03,-0.142968,0.0730219,-1.75,0.0598437
-1.827e-03,-0.117968,0.0731781,-1.75,0.0589062
-1.824e-03,-0.110937,0.0729031,-1.75,0.0598437
-1.821e-03,-0.0999995,0.0722781,-1.75,0.0573437
-1.818e-03,-0.0999995,0.0718437,-1.75359,0.0582812
-1.814e-03,-0.0999995,0.0712031,-1.75547,0.0599999
-1.811e-03,-0.0999995,0.0704687,-1.76539,0.0595312
-1.808e-03,-0.0999995,0.0697844,-1.77,0.0585937
-1.805e-03,-0.0999995,0.069225,-1.77,0.0598437
-1.802e-03,-0.0992183,0.0687125,-1.7718,0.0599999
-1.798e-03,-0.0992183,0.0681844,-1.77367,0.0598437
-1.795e-03,-0.0992183,0.0676344,-1.77789,0.0596874
-1.792e-03,-0.0992183,0.0674969,-1.77539,0.0601562
-1.789e-03,-0.0999995,0.0670281,-1.78898,0.0593749
-1.786e-03,-0.0999995,0.0669969,-1.78992,0.0596874
-1.782e-03,-0.0992183,0.0667031,-1.79008,0.0599999
-1.779e-03,-0.0999995,0.0666312,-1.79016,0.0599999
-1.776e-03,-0.0992183,0.0666187,-1.79367,0.0598437
-1.773e-03,-0.092187,0.0667344,-1.79727,0.0596874
-1.770e-03,-0.045312,0.0668,-1.80938,0.0421874
-1.766e-03,0.0281255,0.0667969,-1.81,0.0590624
-1.763e-03,0.0992192,0.0668,-1.81,0.0598437
-1.760e-03,0.1,0.0668,-1.81008,0.0599999
-1.757e-03,0.100782,0.0668156,-1.81234,0.0599999
-1.754e-03,0.175,0.0669187,-1.81445,0.0590624
-1.750e-03,0.299219,0.0669469,-1.81586,0.0599999
-1.747e-03,0.3,0.0671,-1.82594,0.0598437
-1.744e-03,0.497657,0.0676625,-1.83,0.0434374
-1.741e-03,0.555469,0.0677437,-1.83,0.0599999
-1.738e-03,0.810157,0.0677719,-1.83,0.0598437
-1.734e-03,1.1,0.0680062,-1.83648,0.0598437
-1.731e-03,1.71719,0.0684281,-1.83477,0.0598437
-1.728e-03,2.79531,0.0686187,-1.83992,0.0599999
-1.725e-03,4.87188,0.0687406,-1.85,0.0599999
-1.722e-03,8.87656,0.0688656,-1.85,0.0598437
-1.718e-03,16.2891,0.0695031,-1.85,0.0596874
-1.715e-03,24.9086,0.0696375,-1.85039,0.0599999
-1.712e-03,28.9961,0.0699406,-1.85406,0.0599999
-1.709e-03,26.0984,0.0704656,-1.85641,0.0599999
-1.706e-03,19.3797,0.0705844,-1.8682,0.0599999
-1.702e-03,12.9523,0.0711594,-1.87,0.0598437
-1.699e-03,8.32031,0.0715125,-1.87,0.0598437
-1.696e-03,5.39141,0.071625,-1.87008,0.0598437
-1.693e-03,3.5375,0.0722875,-1.87242,0.0585937
-1.690e-03,2.41328,0.0725812,-1.87516,0.0592187
-1.686e-03,1.69453,0.0732781,-1.88227,0.0598437
-1.683e-03,1.14844,0.0734875,-1.89,0.0596874
-1.680e-03,0.9,0.0742094,-1.88992,0.0599999
-1.677e-03,0.629688,0.0744062,-1.89,0.0598437
-1.674e-03,0.5,0.0749687,-1.89008,0.0599999
-1.670e-03,0.300782,0.0755125,-1.89414,0.0599999
-1.667e-03,0.3,0.0758969,-1.89648,0.0599999
-1.664e-03,0.117188,0.0762219,-1.90758,0.0593749
-1.661e-03,0.100782,0.0765781,-1.90992,0.0596874
-1.658e-03,0.1,0.0772062,-1.91,0.0599999
-1.654e-03,0.1,0.0772094,-1.91008,0.0599999
-1.651e-03,0.00156298,0.0773375,-1.91258,0.0598437
-1.648e-03,-0.0992183,0.0777531,-1.91656,0.0598437
-1.645e-03,-0.0992183,0.0776625,-1.92758,0.0596874
-1.642e-03,-0.0992183,0.0779969,-1.93,0.0599999
-1.638e-03,-0.0992183,0.078,-1.93,0.0599999
-1.635e-03,-0.0999995,0.0780781,-1.93008,0.0599999
-1.632e-03,-0.0992183,0.07815,-1.93023,0.0599999
-1.629e-03,-0.0992183,0.0782312,-1.93305,0.0596874
-1.626e-03,-0.0992183,0.0783062,-1.93609,0.0598437
-1.622e-03,-0.0992183,0.0788312,-1.94609,0.0596874
-1.619e-03,-0.0992183,0.079,-1.95,0.0599999
-1.616e-03,-0.0999995,0.0791781,-1.95,0.0595312
-1.613e-03,-0.0992183,0.0795187,-1.95,0.0595312
-1.610e-03,-0.0992183,0.0798062,-1.95148,0.0599999
-1.606e-03,-0.0999995,0.0799531,-1.95398,0.0593749
-1.603e-03,-0.0999995,0.0802187,-1.95844,0.0598437
-1.600e-03,-0.101562,0.0807219,-1.96992,0.0599999
-1.597e-03,-0.125,0.0808375,-1.97,0.0599999
-1.594e-03,-0.129687,0.0811187,-1.97,0.0599999
-1.590e-03,-0.0999995,0.0815125,-1.97008,0.0598437
-1.587e-03,-0.16875,0.0817094,-1.97227,0.0599999
-1.584e-03,-0.176562,0.0818594,-1.97492,0.0599999
-1.581e-03,-0.167187,0.0824656,-1.985,0.0448437
-1.578e-03,-0.18125,0.0825875,-1.99,0.0596874
-1.574e-03,-0.182812,0.083075,-1.99,0.0593749
-1.571e-03,-0.182812,0.0832656,-1.99,0.0465624
-1.568e-03,-0.200781,0.0835906,-1.99148,0.0599999
-1.565e-03,-0.199218,0.0840281,-1.99398,0.0599999
-1.562e-03,-0.203125,0.0841469,-1.99555,0.0593749
-1.558e-03,-0.226562,0.0847,-2.00281,0.0599999
-1.555e-03,-0.220312,0.0848656,-2.01,0.0599999
-1.552e-03,-0.222656,0.0851875,-2.01,0.0596874
-1.549e-03,-0.2125,0.0856406,-2.01,0.0599999
-1.546e-03,-0.228906,0.0857312,-2.01078,0.0598437
-1.542e-03,-0.226562,0.0862,-2.01445,0.0595312
-1.539e-03,-0.228125,0.0864187,-2.01797,0.0596874
-1.536e-03,-0.233593,0.0867437,-2.03,0.0599999
-1.533e-03,-0.235156,0.0871219,-2.03,0.0598437
-1.530e-03,-0.245312,0.0872781,-2.03,0.0598437
-1.526e-03,-0.239062,0.087675,-2.03,0.0593749
-1.523e-03,-0.239843,0.0880344,-2.03234,0.0593749
-1.520e-03,-0.250781,0.0881406,-2.0382,0.0596874
-1.517e-03,-0.242968,0.0887562,-2.04117,0.0599999
-1.514e-03,-0.253906,0.088825,-2.05,0.0599999
-1.510e-03,-0.257031,0.0890844,-2.05,0.0599999
-1.507e-03,-0.236718,0.0895312,-2.05008,0.0598437
-1.504e-03,-0.255468,0.0897687,-2.05102,0.0599999
-1.501e-03,-0.266406,0.0901687,-2.05289,0.0599999
-1.498e-03,-0.253125,0.0904187,-2.05367,0.0598437
-1.494e-03,-0.253906,0.0906062,-2.06008,0.0598437
-1.491e-03,-0.267968,0.0912437,-2.06992,0.0598437
-1.488e-03,-0.257812,0.0912562,-2.07,0.0599999
-1.485e-03,-0.253906,0.091425,-2.07,0.0599999
-1.482e-03,-0.251562,0.0919969,-2.07031,0.0599999
-1.478e-03,-0.257031,0.0921375,-2.07188,0.0596874
-1.475e-03,-0.259375,0.0926844,-2.07383,0.0596874
-1.472e-03,-0.242187,0.0927719,-2.08086,0.0598437
-1.469e-03,-0.244531,0.0931344,-2.08992,0.0599999
-1.466e-03,-0.245312,0.0935187,-2.09,0.0599999
-1.462e-03,-0.252343,0.0935812,-2.09008,0.0598437
-1.459e-03,-0.270312,0.0940187,-2.09047,0.0599999
-1.456e-03,-0.255468,0.09435,-2.09438,0.0598437
-1.453e-03,-0.264843,0.0944625,-2.09859,0.0598437
-1.450e-03,-0.260156,0.0948844,-2.10852,0.0598437
-1.446e-03,-0.260156,0.0951406,-2.11,0.0599999
-1.443e-03,-0.260156,0.0953062,-2.11,0.0599999
-1.440e-03,-0.267968,0.0957,-2.11016,0.0599999
-1.437e-03,-0.263281,0.0959719,-2.11273,0.0598437
-1.434e-03,-0.258593,0.095975,-2.11406,0.0595312
-1.430e-03,-0.265625,0.0965812,-2.11859,0.0598437
-1.427e-03,-0.255468,0.09675,-2.12992,0.0599999
-1.424e-03,-0.258593,0.0970844,-2.12992,0.0599999
-1.421e-03,-0.267187,0.0974312,-2.13,0.0453124
-1.418e-03,-0.299218,0.0975906,-2.13,0.0599999
-1.414e-03,-0.271093,0.0979437,-2.13195,0.0599999
-1.411e-03,-0.271093,0.0983031,-2.13641,0.0599999
-1.408e-03,-0.260937,0.0983781,-2.14383,0.0599999
-1.405e-03,-0.299218,0.0986375,-2.14992,0.0601562
-1.402e-03,-0.257812,0.0990906,-2.15,0.0595312
-1.398e-03,-0.2625,0.0992219,-2.15,0.0598437
-1.395e-03,-0.264843,0.0995812,-2.15008,0.0598437
-1.392e-03,-0.265625,0.0998781,-2.15227,0.0598437
-1.389e-03,-0.264843,0.0999594,-2.15625,0.0596874
-1.386e-03,-0.271093,0.100353,-2.1693,0.0482812
-1.382e-03,-0.269531,0.100575,-2.17,0.0598437
-1.379e-03,-0.260156,0.100756,-2.17,0.0599999
-1.376e-03,-0.264062,0.100912,-2.17,0.0598437
-1.373e-03,-0.258593,0.101416,-2.17102,0.0599999
-1.370e-03,-0.267187,0.101519,-2.17234,0.0599999
-1.366e-03,-0.261718,0.101747,-2.17773,0.0599999
-1.363e-03,-0.278125,0.102187,-2.18953,0.0599999
-1.360e-03,-0.278906,0.102297,-2.19,0.0596874
-1.357e-03,-0.265625,0.102434,-2.19,0.0596874
-1.354e-03,-0.2625,0.102944,-2.19,0.0599999
-1.350e-03,-0.260937,0.103066,-2.19055,0.0599999
-1.347e-03,-0.275781,0.103212,-2.19406,0.0599999
-1.344e-03,-0.264843,0.103753,-2.20188,0.0599999
-1.341e-03,-0.265625,0.103831,-2.21,0.0599999
-1.338e-03,-0.270312,0.103937,-2.20992,0.0599999
-1.334e-03,-0.276562,0.104406,-2.21,0.0598437
-1.331e-03,-0.276562,0.104634,-2.21008,0.0599999
-1.328e-03,-0.274218,0.104728,-2.21133,0.0595312
-1.325e-03,-0.270312,0.105034,-2.21297,0.0596874
-1.322e-03,-0.270312,0.105403,-2.21531,0.0598437
-1.318e-03,-0.273437,0.105525,-2.2257,0.0596874
-1.315e-03,-0.285156,0.105562,-2.22992,0.0595312
-1.312e-03,-0.266406,0.106069,-2.23,0.0599999
-1.309e-03,-0.263281,0.106222,-2.23008,0.0474999
-1.306e-03,-0.276562,0.106353,-2.23063,0.0599999
-1.302e-03,-0.28125,0.106706,-2.23391,0.0598437
-1.299e-03,-0.266406,0.106956,-2.24172,0.0598437
-1.296e-03,-0.267968,0.107069,-2.25,0.0599999
-1.293e-03,-0.261718,0.107187,-2.25,0.0599999
-1.290e-03,-0.271875,0.107722,-2.25,0.0599999
-1.286e-03,-0.277343,0.107847,-2.25,0.0599999
-1.283e-03,-0.267968,0.107962,-2.25211,0.0599999
-1.280e-03,-0.271875,0.108353,-2.25438,0.0599999
-1.277e-03,-0.269531,0.108516,-2.26039,0.0598437
-1.274e-03,-0.275,0.1086,-2.26992,0.0598437
-1.270e-03,-0.267187,0.108847,-2.26992,0.0474999
-1.267e-03,-0.267968,0.109234,-2.27,0.0599999
-1.264e-03,-0.260937,0.109356,-2.27,0.0599999
-1.261e-03,-0.280468,0.109387,-2.27273,0.0598437
-1.258e-03,-0.25,0.109825,-2.27547,0.0599999
-1.254e-03,-0.265625,0.110056,-2.28719,0.0599999
-1.251e-03,-0.272656,0.110128,-2.29,0.0599999
-1.248e-03,-0.278125,0.110228,-2.29,0.0601562
-1.245e-03,-0.264062,0.110631,-2.29,0.0599999
-1.242e-03,-0.257031,0.110916,-2.29063,0.0599999
-1.238e-03,-0.258593,0.110934,-2.29227,0.0599999
-1.235e-03,-0.257031,0.111019,-2.29703,0.0599999
-1.232e-03,-0.274218,0.111516,-2.30633,0.0598437
-1.229e-03,-0.299218,0.111716,-2.30992,0.0598437
-1.226e-03,-0.257812,0.111812,-2.31,0.0599999
-1.222e-03,-0.275781,0.11185,-2.31,0.0598437
-1.219e-03,-0.270312,0.112122,-2.31063,0.0599999
-1.216e-03,-0.299218,0.112456,-2.31211,0.0598437
-1.213e-03,-0.264843,0.112559,-2.31609,0.0599999
-1.210e-03,-0.265625,0.112566,-2.32875,0.0601562
-1.206e-03,-0.26875,0.112681,-2.32992,0.0599999
-1.203e-03,-0.272656,0.113234,-2.33,0.0599999
-1.200e-03,-0.271093,0.113303,-2.33,0.0599999
-1.197e-03,-0.273437,0.113337,-2.33195,0.0598437
-1.194e-03,-0.299218,0.113428,-2.33641,0.0596874
-1.190e-03,-0.255468,0.113866,-2.34688,0.0599999
-1.187e-03,-0.2625,0.114066,-2.34992,0.0598437
-1.184e-03,-0.263281,0.114128,-2.35,0.0601562
-1.181e-03,-0.274218,0.114172,-2.35016,0.0593749
-1.178e-03,-0.26875,0.114387,-2.35047,0.0599999
-1.174e-03,-0.273437,0.114834,-2.35352,0.0598437
-1.171e-03,-0.271093,0.114919,-2.35836,0.0599999
-1.168e-03,-0.274218,0.115031,-2.3625,0.0599999
-1.165e-03,-0.267187,0.115056,-2.37,0.0599999
-1.162e-03,-0.271875,0.1156,-2.37,0.0601562
-1.158e-03,-0.267968,0.115637,-2.37,0.0601562
-1.155e-03,-0.159375,0.115684,-2.37,0.0595312
-1.152e-03,-0.275781,0.115794,-2.37297,0.0598437
-1.149e-03,-0.266406,0.116037,-2.38063,0.0599999
-1.146e-03,-0.271875,0.116409,-2.39,0.0599999
-1.142e-03,-0.28125,0.116494,-2.39,0.0595312
-1.139e-03,-0.270312,0.116472,-2.39,0.0601562
-1.136e-03,-0.273437,0.116628,-2.39,0.0596874
-1.133e-03,-0.2625,0.117203,-2.39188,0.0598437
-1.130e-03,-0.26875,0.117206,-2.39359,0.0598437
-1.126e-03,-0.269531,0.1173,-2.39664,0.0593749
-1.123e-03,-0.270312,0.117344,-2.40781,0.0596874
-1.120e-03,-0.2625,0.117291,-2.41,0.0599999
-1.117e-03,-0.299218,0.117719,-2.41,0.0599999
-1.114e-03,-0.267968,0.118022,-2.41,0.0599999
-1.110e-03,-0.280468,0.118031,-2.41039,0.0599999
-1.107e-03,-0.254687,0.118122,-2.41273,0.0598437
-1.104e-03,-0.270312,0.118106,-2.41945,0.0601562
-1.101e-03,-0.275781,0.118662,-2.42633,0.0598437
-1.098e-03,-0.278125,0.118812,-2.43,0.0599999
-1.094e-03,-0.267968,0.118831,-2.43,0.0599999
-1.091e-03,-0.299218,0.118828,-2.43008,0.0598437
-1.088e-03,-0.275,0.118912,-2.43148,0.0599999
-1.085e-03,-0.264062,0.11935,-2.43305,0.0599999
-1.082e-03,-0.264843,0.119625,-2.44086,0.0599999
-1.078e-03,-0.260937,0.1196,-2.44992,0.0598437
-1.075e-03,-0.278125,0.119656,-2.45,0.0596874
-1.072e-03,-0.263281,0.119797,-2.45,0.0599999
-1.069e-03,-0.276562,0.119969,-2.45,0.0581249
-1.066e-03,-0.273437,0.12025,-2.45133,0.0328124
-1.062e-03,-0.275781,0.120403,-2.45367,0.0598437
-1.059e-03,-0.267187,0.120394,-2.45563,0.0598437
-1.056e-03,-0.2625,0.120425,-2.46203,0.0598437
-1.053e-03,-0.266406,0.120509,-2.46992,0.0456249
-1.050e-03,-0.260937,0.120541,-2.47,0.0599999
-1.046e-03,-0.259375,0.120969,-2.47008,0.0599999
-1.043e-03,-0.264843,0.121203,-2.47,0.0599999
-1.040e-03,-0.259375,0.121219,-2.47023,0.0599999
-1.037e-03,-0.260937,0.121222,-2.47523,0.0535937
-1.034e-03,-0.264062,0.121244,-2.47273,0.0564062
-1.030e-03,-0.251562,0.121262,-2.47547,0.0601562
-1.027e-03,-0.277343,0.121634,-2.47547,0.0601562
-1.024e-03,-0.271093,0.121969,-2.47625,0.0599999
-1.021e-03,-0.274218,0.122003,-2.48023,0.0599999
-1.018e-03,-0.273437,0.122003,-2.48148,0.0599999
-1.014e-03,-0.252343,0.122062,-2.48422,0.0599999
-1.011e-03,-0.259375,0.122047,-2.48688,0.0599999
-1.008e-03,-0.270312,0.122028,-2.48891,0.0599999
-1.005e-03,-0.267968,0.122031,-2.48758,0.0599999
-1.002e-03,-0.264843,0.122069,-2.48688,0.0598437
-9.984e-04,-0.271875,0.122037,-2.48734,0.0599999
-9.952e-04,-0.263281,0.122166,-2.48492,0.0598437
-9.920e-04,-0.261718,0.122291,-2.4807,0.0599999
-9.888e-04,-0.299218,0.122253,-2.47742,0.0599999
-9.856e-04,-0.299218,0.122459,-2.47883,0.0598437
-9.824e-04,-0.260937,0.122247,-2.47391,0.0598437
-9.792e-04,-0.247656,0.122169,-2.47391,0.0599999
-9.760e-04,-0.263281,0.122141,-2.47125,0.0599999
-9.728e-04,-0.273437,0.122084,-2.47047,0.0599999
-9.696e-04,-0.278906,0.122094,-2.47,0.0599999
-9.664e-04,-0.258593,0.122094,-2.47,0.0596874
-9.632e-04,-0.265625,0.122053,-2.47,0.0599999
-9.600e-04,-0.267968,0.12205,-2.47,0.0599999
-9.568e-04,-0.273437,0.122009,-2.46688,0.0599999
-9.536e-04,-0.275781,0.122016,-2.45609,0.0599999
-9.504e-04,-0.252343,0.121881,-2.45383,0.0599999
-9.472e-04,-0.261718,0.121297,-2.45156,0.0599999
-9.440e-04,-0.269531,0.121231,-2.45008,0.0599999
-9.408e-04,-0.272656,0.12125,-2.45,0.0599999
-9.376e-04,-0.259375,0.121212,-2.45,0.0599999
-9.344e-04,-0.265625,0.121103,-2.44695,0.0599999
-9.312e-04,-0.271093,0.120719,-2.43398,0.0598437
-9.280e-04,-0.267968,0.12045,-2.43078,0.0596874
-9.248e-04,-0.269531,0.120428,-2.43,0.0462499
-9.216e-04,-0.271875,0.120391,-2.43,0.0599999
-9.184e-04,-0.274218,0.120112,-2.42703,0.0599999
-9.152e-04,-0.255468,0.119722,-2.41484,0.0599999
-9.120e-04,-0.267187,0.119659,-2.4107,0.0599999
-9.088e-04,-0.299218,0.119597,-2.41016,0.0599999
-9.056e-04,-0.266406,0.119231,-2.40992,0.0599999
-9.024e-04,-0.266406,0.118875,-2.40609,0.0598437
-8.992e-04,-0.263281,0.118831,-2.39828,0.0599999
-8.960e-04,-0.26875,0.118806,-2.39016,0.0601562
-8.928e-04,-0.266406,0.118397,-2.38992,0.0598437
-8.896e-04,-0.269531,0.118056,-2.38992,0.0599999
-8.864e-04,-0.161718,0.118025,-2.37742,0.0599999
-8.832e-04,-0.246093,0.117859,-2.37125,0.0476562
-8.800e-04,-0.263281,0.117328,-2.37,0.0598437
-8.768e-04,-0.26875,0.117266,-2.37,0.0598437
-8.736e-04,-0.261718,0.117203,-2.35656,0.0599999
-8.704e-04,-0.271093,0.116906,-2.35281,0.0599999
-8.672e-04,-0.260937,0.116562,-2.35,0.0599999
-8.640e-04,-0.26875,0.116462,-2.35,0.0599999
-8.608e-04,-0.253125,0.116406,-2.34031,0.0599999
-8.576e-04,-0.257031,0.115762,-2.33016,0.0599999
-8.544e-04,-0.299218,0.115753,-2.33,0.0598437
-8.512e-04,-0.260156,0.115606,-2.32992,0.0598437
-8.480e-04,-0.264062,0.115369,-2.31445,0.0464062
-8.448e-04,-0.276562,0.114984,-2.31,0.0599999
-8.416e-04,-0.258593,0.114881,-2.30992,0.0599999
-8.384e-04,-0.258593,0.114806,-2.31,0.0595312
-8.352e-04,-0.260937,0.114187,-2.29406,0.0599999
-8.320e-04,-0.244531,0.114141,-2.29,0.0599999
-8.288e-04,-0.24375,0.114031,-2.29,0.0599999
-8.256e-04,-0.239062,0.113819,-2.28992,0.0599999
-8.224e-04,-0.188281,0.113356,-2.27742,0.0601562
-8.192e-04,-0.158593,0.113247,-2.27164,0.0599999
-8.160e-04,-0.145312,0.113141,-2.27,0.0601562
-8.128e-04,-0.153125,0.112572,-2.27,0.0598437
-8.096e-04,-0.192187,0.112537,-2.25828,0.0599999
-8.064e-04,-0.232812,0.112469,-2.25195,0.0599999
-8.032e-04,-0.228906,0.111853,-2.25,0.0599999
-8.000e-04,-0.263281,0.111806,-2.25,0.0599999
-7.968e-04,-0.257812,0.111662,-2.24484,0.0596874
-7.936e-04,-0.254687,0.111128,-2.23359,0.0599999
-7.904e-04,-0.267968,0.110947,-2.23016,0.0599999
-7.872e-04,-0.258593,0.110825,-2.23,0.0598437
-7.840e-04,-0.260156,0.110519,-2.23,0.0601562
-7.808e-04,-0.267187,0.110212,-2.21563,0.0521874
-7.776e-04,-0.258593,0.110125,-2.21133,0.0598437
-7.744e-04,-0.264062,0.110006,-2.21,0.0599999
-7.712e-04,-0.252343,0.109431,-2.21,0.0596874
-7.680e-04,-0.260156,0.109278,-2.20992,0.0599999
-7.648e-04,-0.264062,0.109081,-2.1982,0.0599999
-7.616e-04,-0.28125,0.108706,-2.19117,0.0599999
-7.584e-04,-0.264062,0.108525,-2.19,0.0599999
-7.552e-04,-0.264062,0.108369,-2.19,0.0599999
-7.520e-04,-0.271093,0.107931,-2.18867,0.0528124
-7.488e-04,-0.261718,0.107772,-2.175,0.0601562
-7.456e-04,-0.160156,0.107616,-2.17094,0.0598437
-7.424e-04,-0.271093,0.107281,-2.17,0.0599999
-7.392e-04,-0.260156,0.106981,-2.17,0.0599999
-7.360e-04,-0.266406,0.106891,-2.17,0.0599999
-7.328e-04,-0.261718,0.106803,-2.16336,0.0599999
-7.296e-04,-0.264843,0.106231,-2.15125,0.0598437
-7.264e-04,-0.267187,0.106169,-2.15,0.0598437
-7.232e-04,-0.260937,0.106059,-2.15,0.0598437
-7.200e-04,-0.267968,0.105587,-2.15,0.0599999
-7.168e-04,-0.264062,0.105494,-2.14242,0.0599999
-7.136e-04,-0.299218,0.105409,-2.13469,0.0599999
-7.104e-04,-0.258593,0.105309,-2.13039,0.0601562
-7.072e-04,-0.252343,0.104853,-2.12992,0.0599999
-7.040e-04,-0.271093,0.104675,-2.12992,0.0599999
-7.008e-04,-0.260156,0.104534,-2.12844,0.0599999
-6.976e-04,-0.2625,0.104144,-2.11555,0.0601562
-6.944e-04,-0.253906,0.103934,-2.11297,0.0599999
-6.912e-04,-0.261718,0.103822,-2.11,0.0598437
-6.880e-04,-0.271093,0.103716,-2.11,0.0599999
-6.848e-04,-0.265625,0.103597,-2.11,0.0599999
-6.816e-04,-0.248437,0.103128,-2.10734,0.0599999
-6.784e-04,-0.299218,0.103037,-2.09648,0.0535937
-6.752e-04,-0.299218,0.102947,-2.09141,0.0599999
-6.720e-04,-0.258593,0.102919,-2.09,0.0599999
-6.688e-04,-0.259375,0.102319,-2.09,0.0598437
-6.656e-04,-0.266406,0.102228,-2.08992,0.0599999
-6.624e-04,-0.263281,0.102081,-2.07742,0.0599999
-6.592e-04,-0.266406,0.101612,-2.07352,0.0599999
-6.560e-04,-0.261718,0.101531,-2.07273,0.0598437
-6.528e-04,-0.263281,0.101434,-2.07,0.0599999
-6.496e-04,-0.260156,0.101306,-2.07,0.0601562
-6.464e-04,-0.2625,0.100909,-2.06992,0.0598437
-6.432e-04,-0.248437,0.100666,-2.06117,0.0598437
-6.400e-04,-0.248437,0.100591,-2.05367,0.0599999
-6.368e-04,-0.253906,0.100275,-2.05352,0.0599999
-6.336e-04,-0.2625,0.099925,-2.05047,0.0599999
-6.304e-04,-0.264843,0.0997687,-2.05,0.0599999
-6.272e-04,-0.254687,0.0993156,-2.05,0.0598437
-6.240e-04,-0.258593,0.0991312,-2.04992,0.0599999
-6.208e-04,-0.251562,0.0989812,-2.03898,0.0599999
-6.176e-04,-0.264843,0.0988062,-2.04078,0.0599999
-6.144e-04,-0.252343,0.0983437,-2.03063,0.0599999
-6.112e-04,-0.244531,0.0982875,-2.03008,0.0599999
-6.080e-04,-0.254687,0.0979656,-2.03,0.0599999
-6.048e-04,-0.258593,0.0975969,-2.02992,0.0512499
-6.016e-04,-0.255468,0.0974094,-2.02531,0.0599999
-5.984e-04,-0.255468,0.0973531,-2.01695,0.0596874
-5.952e-04,-0.248437,0.0967562,-2.01094,0.0598437
-5.920e-04,-0.299218,0.0966219,-2.01,0.0601562
-5.888e-04,-0.257812,0.0964437,-2.01,0.0596874
-5.856e-04,-0.260937,0.0959656,-2.00992,0.0598437
-5.824e-04,-0.252343,0.0959187,-2.00125,0.0598437
-5.792e-04,-0.248437,0.0956406,-1.99508,0.0514062
-5.760e-04,-0.248437,0.0951281,-1.99133,0.0599999
-5.728e-04,-0.255468,0.0950375,-1.99008,0.0599999
-5.696e-04,-0.253906,0.0949437,-1.99,0.0476562
-5.664e-04,-0.258593,0.0943687,-1.98992,0.0599999
-5.632e-04,-0.244531,0.0943312,-1.98672,0.0598437
-5.600e-04,-0.252343,0.0941375,-1.97516,0.0599999
-5.568e-04,-0.242968,0.0936531,-1.97016,0.0599999
-5.536e-04,-0.245312,0.0935625,-1.97,0.0598437
-5.504e-04,-0.15,0.0934094,-1.97,0.0598437
-5.472e-04,-0.253125,0.0929969,-1.96992,0.0599999
-5.440e-04,-0.246875,0.0927906,-1.96352,0.0599999
-5.408e-04,-0.245312,0.0927,-1.95406,0.0598437
-5.376e-04,-0.245312,0.0924625,-1.95078,0.0599999
-5.344e-04,-0.250781,0.0920844,-1.95008,0.0601562
-5.312e-04,-0.242187,0.0918687,-1.95,0.0599999
-5.280e-04,-0.244531,0.0916594,-1.94992,0.0599999
-5.248e-04,-0.234375,0.0912906,-1.9407,0.0601562
-5.216e-04,-0.24375,0.0911969,-1.94094,0.0599999
-5.184e-04,-0.238281,0.0908781,-1.93016,0.0599999
-5.152e-04,-0.246875,0.0904812,-1.93,0.0599999
-5.120e-04,-0.247656,0.0903062,-1.93,0.0484374
-5.088e-04,-0.246093,0.0899375,-1.92992,0.0599999
-5.056e-04,-0.239843,0.0895937,-1.92523,0.0599999
-5.024e-04,-0.248437,0.0894594,-1.9125,0.0598437
-4.992e-04,-0.229687,0.0889344,-1.91,0.0599999
-4.960e-04,-0.23125,0.0888187,-1.91,0.0598437
-4.928e-04,-0.246093,0.0885,-1.91,0.0596874
-4.896e-04,-0.235156,0.0880812,-1.90328,0.0599999
-4.864e-04,-0.24375,0.0879031,-1.89602,0.0599999
-4.832e-04,-0.242968,0.0873312,-1.89711,0.0599999
-4.800e-04,-0.23125,0.0872125,-1.88992,0.0596874
-4.768e-04,-0.230468,0.0868312,-1.89,0.0512499
-4.736e-04,-0.24375,0.086575,-1.88992,0.0599999
-4.704e-04,-0.229687,0.0863812,-1.87898,0.0599999
-4.672e-04,-0.23125,0.0857562,-1.87227,0.0599999
-4.640e-04,-0.219531,0.0856469,-1.87023,0.0598437
-4.608e-04,-0.236718,0.085475,-1.87,0.0599999
-4.576e-04,-0.219531,0.0848469,-1.86992,0.0599999
-4.544e-04,-0.216406,0.0847094,-1.86516,0.0599999
-4.512e-04,-0.225,0.0841437,-1.85555,0.0599999
-4.480e-04,-0.128125,0.0840094,-1.85039,0.0596874
-4.448e-04,-0.217968,0.0837531,-1.85,0.0601562
-4.416e-04,-0.1125,0.0833094,-1.85,0.0598437
-4.384e-04,-0.205468,0.0829594,-1.85,0.0599999
-4.352e-04,-0.2125,0.0825281,-1.83984,0.0481249
-4.320e-04,-0.200781,0.0823344,-1.83367,0.0598437
-4.288e-04,-0.209375,0.0818062,-1.83,0.0534374
-4.256e-04,-0.209375,0.0815844,-1.83,0.0598437
-4.224e-04,-0.196875,0.0812281,-1.83,0.0599999
-4.192e-04,-0.183593,0.0809,-1.82359,0.0599999
-4.160e-04,-0.197656,0.0805312,-1.81664,0.0599999
-4.128e-04,-0.191406,0.0801594,-1.81367,0.0599999
-4.096e-04,-0.179687,0.0800344,-1.81,0.0599999
-4.064e-04,-0.16875,0.0795781,-1.81,0.0599999
-4.032e-04,-0.175,0.0792062,-1.81,0.0599999
-4.000e-04,-0.159375,0.07885,-1.80438,0.0599999
-3.968e-04,-0.166406,0.0785219,-1.79664,0.0598437
-3.936e-04,-0.142968,0.0783406,-1.79008,0.0596874
-3.904e-04,-0.101562,0.07805,-1.79,0.0599999
-3.872e-04,-0.0999995,0.0776594,-1.78992,0.0599999
-3.840e-04,-0.0999995,0.0774531,-1.7825,0.0598437
-3.808e-04,-0.0999995,0.0769125,-1.77523,0.0599999
-3.776e-04,-0.0999995,0.076825,-1.77328,0.0596874
-3.744e-04,-0.0992183,0.0766,-1.77,0.0598437
-3.712e-04,-0.100781,0.0761,-1.77,0.0599999
-3.680e-04,-0.0992183,0.0760062,-1.76992,0.0598437
-3.648e-04,-0.100781,0.0756781,-1.7593,0.0596874
-3.616e-04,-0.0999995,0.0752625,-1.75523,0.0601562
-3.584e-04,-0.0999995,0.0751094,-1.75,0.0599999
-3.552e-04,-0.0992183,0.0745531,-1.75,0.0599999
-3.520e-04,-0.0992183,0.0744312,-1.75,0.0599999
-3.488e-04,-0.0999995,0.0743469,-1.74656,0.0599999
-3.456e-04,-0.0992183,0.073825,-1.73766,0.0601562
-3.424e-04,-0.0992183,0.0735625,-1.73477,0.0599999
-3.392e-04,-0.0992183,0.0735281,-1.73,0.0598437
-3.360e-04,-0.0992183,0.0729344,-1.73,0.0599999
-3.328e-04,-0.0992183,0.07275,-1.72992,0.0601562
-3.296e-04,-0.0999995,0.0726312,-1.71703,0.0599999
-3.264e-04,-0.0992183,0.0722312,-1.71469,0.0599999
-3.232e-04,-0.0992183,0.071875,-1.72102,0.0599999
-3.200e-04,-0.0992183,0.0717594,-1.71008,0.0599999
-3.168e-04,-0.0992183,0.0714594,-1.71,0.0599999
-3.136e-04,-0.0992183,0.071225,-1.70992,0.0599999
-3.104e-04,-0.0718745,0.0709531,-1.69883,0.0599999
-3.072e-04,-0.0992183,0.0708625,-1.69563,0.0598437
-3.040e-04,-0.00390577,0.0708,-1.69156,0.0599999
-3.008e-04,0.1,0.0708031,-1.69,0.0599999
-2.976e-04,0.1,0.0708,-1.69,0.0599999
-2.944e-04,0.100782,0.07065,-1.68992,0.0599999
-2.912e-04,0.1,0.070025,-1.67813,0.0599999
-2.880e-04,0.205469,0.0700062,-1.67563,0.0599999
-2.848e-04,0.3,0.0694781,-1.67016,0.0599999
-2.816e-04,0.303907,0.0691094,-1.67,0.0599999
-2.784e-04,0.5,0.0686937,-1.67,0.0598437
-2.752e-04,0.616407,0.0685031,-1.66242,0.0598437
-2.720e-04,0.8875,0.0678281,-1.65555,0.0599999
-2.688e-04,1.12969,0.0672437,-1.66328,0.0596874
-2.656e-04,1.58672,0.0669781,-1.65195,0.0599999
-2.624e-04,2.29063,0.0663094,-1.65,0.0598437
-2.592e-04,3.45938,0.065625,-1.65,0.0598437
-2.560e-04,5.60391,0.0653531,-1.65,0.0599999
-2.528e-04,9.63047,0.0647344,-1.63859,0.0598437
-2.496e-04,16.3445,0.0644062,-1.63406,0.0599999
-2.464e-04,24.3414,0.0638625,-1.63,0.0596874
-2.432e-04,29.3164,0.0636125,-1.63,0.0598437
-2.400e-04,27.9125,0.0633094,-1.62992,0.0599999
-2.368e-04,21.5352,0.0626875,-1.61727,0.0598437
-2.336e-04,14.7125,0.0624531,-1.61547,0.0598437
-2.304e-04,9.52813,0.0621562,-1.61648,0.0599999
-2.272e-04,6.10781,0.0617344,-1.61031,0.0599999
-2.240e-04,3.93047,0.0616031,-1.61,0.0599999
-2.208e-04,2.59375,0.0610094,-1.61,0.0598437
-2.176e-04,1.74297,0.0608469,-1.60852,0.0599999
-2.144e-04,1.24766,0.0606906,-1.59758,0.0598437
-2.112e-04,0.889844,0.0605625,-1.59703,0.0599999
-2.080e-04,0.685938,0.0602062,-1.5932,0.0599999
-2.048e-04,0.5,0.0599812,-1.59,0.0534374
-2.016e-04,0.300782,0.0597937,-1.59,0.0598437
-1.984e-04,0.3,0.0596906,-1.59,0.0598437
-1.952e-04,0.235938,0.0596031,-1.58367,0.0598437
-1.920e-04,0.100782,0.0589937,-1.57664,0.0599999
-1.888e-04,0.1,0.0588469,-1.57164,0.0599999
-1.856e-04,0.0992192,0.0588062,-1.57,0.0599999
-1.824e-04,-0.0992183,0.0588094,-1.57,0.0599999
-1.792e-04,-0.082812,0.0588031,-1.56992,0.0599999
-1.760e-04,-0.0992183,0.0587906,-1.56711,0.0599999
-1.728e-04,-0.0992183,0.0586437,-1.55477,0.0598437
-1.696e-04,-0.0992183,0.0585656,-1.55,0.0599999
-1.664e-04,-0.0992183,0.058425,-1.55,0.0599999
-1.632e-04,-0.0992183,0.0585312,-1.54992,0.0599999
-1.600e-04,-0.0999995,0.0585031,-1.54477,0.0599999
-1.568e-04,-0.0999995,0.0584094,-1.53789,0.0601562
-1.536e-04,-0.0999995,0.0586187,-1.53336,0.0599999
-1.504e-04,-0.100781,0.058825,-1.53,0.0599999
-1.472e-04,-0.0999995,0.059,-1.53,0.0599999
-1.440e-04,-0.121875,0.0594375,-1.52992,0.0598437
-1.408e-04,-0.139062,0.0599406,-1.52984,0.0599999
-1.376e-04,-0.16875,0.0605031,-1.52102,0.0595312
-1.344e-04,-0.0999995,0.061,-1.51523,0.0598437
-1.312e-04,-0.201562,0.061725,-1.51016,0.0596874
-1.280e-04,-0.2,0.06255,-1.51,0.0599999
-1.248e-04,-0.216406,0.0632375,-1.51,0.0599999
-1.216e-04,-0.227343,0.0639125,-1.51,0.0599999
-1.184e-04,-0.224218,0.0644687,-1.5043,0.0598437
-1.152e-04,-0.121093,0.0647937,-1.49188,0.0599999
-1.120e-04,-0.242187,0.0651781,-1.49,0.0598437
-1.088e-04,-0.244531,0.0650125,-1.49,0.0598437
-1.056e-04,-0.249218,0.0646219,-1.49,0.0599999
-1.024e-04,-0.250781,0.0640375,-1.49,0.0599999
-9.920e-05,-0.250781,0.0635156,-1.47813,0.0598437
-9.600e-05,-0.265625,0.0626562,-1.4725,0.0598437
-9.280e-05,-0.241406,0.0617031,-1.47,0.0598437
-8.960e-05,-0.247656,0.0605656,-1.47,0.0598437
-8.640e-05,-0.251562,0.0593844,-1.47,0.0598437
-8.320e-05,-0.264062,0.0581812,-1.47,0.0598437
-8.000e-05,-0.249218,0.0568094,-1.45523,0.0599999
-7.680e-05,-0.260937,0.0555406,-1.45078,0.0599999
-7.360e-05,-0.2625,0.0541625,-1.45,0.0599999
-7.040e-05,-0.275,0.0530719,-1.45,0.0601562
-6.720e-05,-0.257812,0.0517437,-1.45,0.0598437
-6.400e-05,-0.260937,0.0506906,-1.44383,0.0601562
-6.080e-05,-0.264843,0.0495312,-1.43523,0.0599999
-5.760e-05,-0.258593,0.0484969,-1.43055,0.0598437
-5.440e-05,-0.263281,0.0475031,-1.43,0.0599999
-5.120e-05,-0.270312,0.0465844,-1.43,0.0599999
-4.800e-05,-0.263281,0.0458937,-1.42992,0.0599999
-4.480e-05,-0.261718,0.0449969,-1.42867,0.0545312
-4.160e-05,-0.264062,0.0443094,-1.41547,0.0598437
-3.840e-05,-0.267968,0.043575,-1.41,0.0598437
-3.520e-05,-0.258593,0.0427312,-1.41,0.0598437
-3.200e-05,-0.260156,0.0420469,-1.41,0.0596874
-2.880e-05,-0.259375,0.0415031,-1.40992,0.0601562
-2.560e-05,-0.275781,0.0407938,-1.40078,0.0599999
-2.240e-05,-0.278125,0.040075,-1.39352,0.0596874
-1.920e-05,-0.2625,0.0398,-1.39,0.0599999
-1.600e-05,-0.269531,0.0390688,-1.39,0.0601562
-1.280e-05,-0.271875,0.0388188,-1.39,0.0599999
-9.600e-06,-0.264843,0.038175,-1.38711,0.0599999
-6.400e-06,-0.278125,0.0375,-1.3793,0.932969
-3.200e-06,-0.264062,0.0372375,-1.37,3.42172
2.814e-17,-0.271875,0.0369469,-1.37008,4.26
3.200e-06,-0.276562,0.0363125,-1.36992,4.26016
6.400e-06,-0.274218,0.0361875,-1.36992,4.26
9.600e-06,-0.275,0.0355938,-1.3607,4.26781
1.280e-05,-0.278125,0.0353781,-1.35656,4.3
1.600e-05,-0.270312,0.0352344,-1.35102,4.3
1.920e-05,-0.276562,0.0350438,-1.35,4.30016
2.240e-05,-0.267187,0.0348438,-1.35,4.30016
2.560e-05,-0.269531,0.0348,-1.34992,4.30906
2.880e-05,-0.264843,0.0344844,-1.3418,4.32187
3.200e-05,-0.255468,0.0344094,-1.33641,4.32828
3.520e-05,-0.264062,0.0345938,-1.33,4.33734
3.840e-05,-0.278906,0.0344406,-1.32992,4.34
4.160e-05,-0.274218,0.0345281,-1.32992,4.34
4.480e-05,-0.275,0.034775,-1.32578,4.34
4.800e-05,-0.267187,0.0348531,-1.31984,4.34
5.120e-05,-0.261718,0.0353375,-1.31664,4.34
5.440e-05,-0.269531,0.0358563,-1.31,4.34016
5.760e-05,-0.266406,0.0364281,-1.31,4.34016
6.080e-05,-0.267968,0.0370094,-1.31,4.34
6.400e-05,-0.271093,0.0375875,-1.3075,4.34
6.720e-05,-0.282031,0.0377938,-1.30727,4.34
7.040e-05,-0.279687,0.0379813,-1.29391,4.34
7.360e-05,-0.270312,0.0378156,-1.29,4.34
7.680e-05,-0.258593,0.0372281,-1.28992,4.34016
8.000e-05,-0.264062,0.03685,-1.28992,4.34
8.320e-05,-0.272656,0.0362313,-1.28594,4.34
8.640e-05,-0.266406,0.0353719,-1.27789,4.34
8.960e-05,-0.26875,0.0347375,-1.27008,4.34016
9.280e-05,-0.292187,0.0337344,-1.27,4.34016
9.600e-05,-0.267187,0.0328625,-1.27,4.34
9.920e-05,-0.280468,0.0320375,-1.26719,4.34
1.024e-04,-0.269531,0.0310375,-1.2618,4.34016
1.056e-04,-0.273437,0.0299813,-1.26531,4.34
1.088e-04,-0.26875,0.0292813,-1.25297,4.34016
1.120e-04,-0.265625,0.0285094,-1.25,4.34016
1.152e-04,-0.273437,0.0276125,-1.25,4.34016
1.184e-04,-0.285156,0.0271625,-1.25,4.34016
1.216e-04,-0.272656,0.0267594,-1.24352,4.34016
1.248e-04,-0.278906,0.0260531,-1.23875,4.34
1.280e-04,-0.275781,0.0258125,-1.23,4.34
1.312e-04,-0.277343,0.025525,-1.23,4.34
1.344e-04,-0.275781,0.0253188,-1.23,4.34
1.376e-04,-0.271093,0.0252375,-1.2257,4.34
1.408e-04,-0.271875,0.0251969,-1.22664,4.34
1.440e-04,-0.288281,0.0254656,-1.21508,4.34016
1.472e-04,-0.265625,0.0254781,-1.21008,4.34016
1.504e-04,-0.265625,0.0258625,-1.21,4.34
1.536e-04,-0.274218,0.0263094,-1.20992,4.34016
1.568e-04,-0.277343,0.02685,-1.20672,4.34
1.600e-04,-0.265625,0.0277156,-1.20766,4.33984
1.632e-04,-0.271093,0.028775,-1.19797,4.34
1.664e-04,-0.278906,0.029925,-1.19008,4.34016
1.696e-04,-0.275781,0.0315188,-1.19,4.34016
1.728e-04,-0.274218,0.0332969,-1.18992,4.34016
1.760e-04,-0.283593,0.0354844,-1.18352,4.34
1.792e-04,-0.271875,0.0380969,-1.18,4.33984
1.824e-04,-0.280468,0.0407063,-1.1782,4.34
1.856e-04,-0.277343,0.0437562,-1.17164,4.34
1.888e-04,-0.274218,0.0464469,-1.17,4.34
1.920e-04,-0.270312,0.0486875,-1.16992,4.34
1.952e-04,-0.299218,0.0504375,-1.16992,4.34
1.984e-04,-0.271093,0.0516469,-1.16172,4.34
2.016e-04,-0.275,0.0520344,-1.15953,4.34016
2.048e-04,-0.299218,0.0521594,-1.15008,4.34
2.080e-04,-0.28125,0.0517094,-1.15,4.34
2.112e-04,-0.273437,0.0508469,-1.14992,4.34
2.144e-04,-0.2875,0.0495344,-1.14813,4.34
2.176e-04,-0.276562,0.0476906,-1.14164,4.34
2.208e-04,-0.275,0.04555,-1.14,4.34
2.240e-04,-0.275,0.0431156,-1.13227,4.34
2.272e-04,-0.267187,0.0404656,-1.13,4.34
2.304e-04,-0.299218,0.0378594,-1.13,4.34
2.336e-04,-0.259375,0.0351469,-1.12992,4.34
2.368e-04,-0.275,0.0323656,-1.12328,4.34
2.400e-04,-0.26875,0.030025,-1.11891,4.34
2.432e-04,-0.278906,0.0277531,-1.11008,4.34
2.464e-04,-0.286718,0.0256563,-1.11,4.33984
2.496e-04,-0.259375,0.0237844,-1.10992,4.34
2.528e-04,-0.274218,0.0218875,-1.10555,4.34
2.560e-04,-0.25625,0.0203406,-1.10109,4.34
2.592e-04,-0.285156,0.0188969,-1.09742,4.34
2.624e-04,-0.274218,0.0176188,-1.09422,4.34
2.656e-04,-0.270312,0.0165031,-1.09,4.34
2.688e-04,-0.264062,0.0155469,-1.08992,4.34
2.720e-04,-0.259375,0.0144406,-1.08508,4.34
2.752e-04,-0.269531,0.0138219,-1.08133,4.34016
2.784e-04,-0.270312,0.013025,-1.07586,4.34
2.816e-04,-0.275,0.0125313,-1.07,4.34
2.848e-04,-0.280468,0.0118781,-1.06992,4.34
2.880e-04,-0.26875,0.0116031,-1.06992,4.34
2.912e-04,-0.299218,0.0109875,-1.06234,4.34016
2.944e-04,-0.260156,0.010625,-1.0607,4.34016
2.976e-04,-0.270312,0.0107563,-1.05453,4.34
3.008e-04,-0.278125,0.0107844,-1.05,4.34
3.040e-04,-0.26875,0.0106531,-1.05,4.34
3.072e-04,-0.264843,0.0105594,-1.04992,4.34
3.104e-04,-0.274218,0.0104938,-1.04094,4.34
3.136e-04,-0.276562,0.0107625,-1.04063,4.34
3.168e-04,-0.273437,0.0112031,-1.03664,4.34
3.200e-04,-0.271875,0.0113969,-1.03,4.34
3.232e-04,-0.264062,0.0120031,-1.02992,4.34
3.264e-04,-0.288281,0.0125719,-1.02992,4.34
3.296e-04,-0.278906,0.0133906,-1.02398,4.34
3.328e-04,-0.278906,0.0144375,-1.0207,4.34
3.360e-04,-0.299218,0.0156,-1.01492,4.34
3.392e-04,-0.277343,0.0168,-1.00992,4.34016
3.424e-04,-0.264062,0.0184813,-1.00992,4.34
3.456e-04,-0.271875,0.0204094,-1.00992,4.34
3.488e-04,-0.260156,0.0226813,-1.01,4.34016
3.520e-04,-0.267968,0.0253313,-0.999219,4.34
3.552e-04,-0.266406,0.0280844,-0.99,4.34016
3.584e-04,-0.255468,0.0314438,-0.989922,4.34
3.616e-04,-0.279687,0.0349,-0.989922,4.34
3.648e-04,-0.257031,0.0386625,-0.986797,4.33984
3.680e-04,-0.276562,0.0421063,-0.981953,4.34016
3.712e-04,-0.257812,0.04545,-0.978516,4.34
3.744e-04,-0.275,0.0479656,-0.97,4.34
3.776e-04,-0.299218,0.0497625,-0.97,4.34
3.808e-04,-0.267187,0.051,-0.97,4.34
3.840e-04,-0.270312,0.0515969,-0.969922,4.34
3.872e-04,-0.269531,0.0514062,-0.961641,4.34016
3.904e-04,-0.26875,0.05075,-0.960938,4.33984
3.936e-04,-0.259375,0.0493562,-0.95,4.34
3.968e-04,-0.299218,0.0474,-0.95,4.34
4.000e-04,-0.258593,0.045025,-0.949922,4.34
4.032e-04,-0.254687,0.0421594,-0.949922,4.34016
4.064e-04,-0.267968,0.0389125,-0.944219,4.34
4.096e-04,-0.255468,0.035725,-0.9475,4.34
4.128e-04,-0.270312,0.0322688,-0.93,4.34
4.160e-04,-0.265625,0.0289531,-0.929922,4.34016
4.192e-04,-0.276562,0.0257844,-0.929922,4.34016
4.224e-04,-0.270312,0.0226531,-0.921797,4.34
4.256e-04,-0.282812,0.0197656,-0.921797,4.33984
4.288e-04,-0.267187,0.0169875,-0.919219,4.34
4.320e-04,-0.263281,0.0143094,-0.91,4.34
4.352e-04,-0.276562,0.0120219,-0.909922,4.34
4.384e-04,-0.260156,0.00970938,-0.909922,4.34
4.416e-04,-0.279687,0.00755938,-0.907031,4.34
4.448e-04,-0.259375,0.005575,-0.902422,4.34
4.480e-04,-0.263281,0.0038875,-0.894766,4.33984
4.512e-04,-0.258593,0.00216875,-0.89,4.34
4.544e-04,-0.2625,0.000615626,-0.89,4.34
4.576e-04,-0.255468,-0.000834374,-0.889922,4.34
4.608e-04,-0.271093,-0.0022375,-0.884141,4.34
4.640e-04,-0.261718,-0.00359375,-0.880781,4.34
4.672e-04,-0.269531,-0.0048125,-0.872969,4.34
4.704e-04,-0.26875,-0.00595937,-0.87,4.34016
4.736e-04,-0.259375,-0.00727812,-0.869922,4.34
4.768e-04,-0.253125,-0.00834062,-0.869922,4.34016
4.800e-04,-0.258593,-0.00926562,-0.865625,4.33984
4.832e-04,-0.258593,-0.0102344,-0.861406,4.34
4.864e-04,-0.257812,-0.0111562,-0.854688,4.34
4.896e-04,-0.25,-0.0120031,-0.85,4.34
4.928e-04,-0.26875,-0.0128406,-0.849922,4.34
4.960e-04,-0.251562,-0.0137125,-0.85,4.34
4.992e-04,-0.252343,-0.0144812,-0.844609,4.34
5.024e-04,-0.252343,-0.0151844,-0.842266,4.33984
5.056e-04,-0.252343,-0.0158219,-0.835547,4.34016
5.088e-04,-0.24375,-0.0165562,-0.83,4.34
5.120e-04,-0.247656,-0.0173219,-0.829922,4.33984
5.152e-04,-0.245312,-0.0179437,-0.829922,4.34016
5.184e-04,-0.250781,-0.01845,-0.825078,4.34
5.216e-04,-0.257031,-0.0192312,-0.821094,4.34
5.248e-04,-0.240625,-0.0196062,-0.815313,4.34
5.280e-04,-0.267968,-0.0202,-0.81,4.33984
5.312e-04,-0.230468,-0.0208625,-0.81,4.34
5.344e-04,-0.241406,-0.0211156,-0.809922,4.34
5.376e-04,-0.233593,-0.0218094,-0.807266,4.34016
5.408e-04,-0.235937,-0.0220719,-0.801797,4.34
5.440e-04,-0.214062,-0.0226,-0.792422,4.34
5.472e-04,-0.210937,-0.0229,-0.79,4.34016
5.504e-04,-0.200781,-0.0232562,-0.789922,4.34
5.536e-04,-0.102343,-0.0237844,-0.79,4.34
5.568e-04,-0.174218,-0.0239656,-0.783594,4.33984
5.600e-04,-0.164843,-0.0245656,-0.781641,4.34
5.632e-04,-0.163281,-0.0246875,-0.775859,4.34
5.664e-04,-0.154687,-0.0249219,-0.77,4.34
5.696e-04,-0.132812,-0.0254281,-0.77,4.34
5.728e-04,-0.116406,-0.0255969,-0.769922,4.33875
5.760e-04,-0.0999995,-0.0256656,-0.769453,4.34
5.792e-04,-0.0992183,-0.0260437,-0.761406,4.34
5.824e-04,-0.0999995,-0.0264812,-0.755313,4.34
5.856e-04,-0.0999995,-0.0266281,-0.75,4.34
5.888e-04,-0.0992183,-0.0266812,-0.75,4.33984
5.920e-04,-0.0999995,-0.0267531,-0.749922,4.34016
5.952e-04,-0.0992183,-0.0271219,-0.746563,4.34
5.984e-04,-0.0992183,-0.0274812,-0.740156,4.34
6.016e-04,-0.0304683,-0.0275312,-0.735469,4.34
6.048e-04,0.1,-0.0275781,-0.730078,4.34
6.080e-04,0.209375,-0.0275625,-0.73,4.34
6.112e-04,0.427344,-0.0275969,-0.729922,4.34
6.144e-04,0.7,-0.0276125,-0.728594,4.34
6.176e-04,0.9,-0.0276156,-0.719844,4.34
6.208e-04,0.900782,-0.0277187,-0.713281,4.34
6.240e-04,0.780469,-0.0277187,-0.71,4.34
6.272e-04,0.500782,-0.0278344,-0.71,4.34
6.304e-04,0.300782,-0.0278094,-0.709922,4.34
6.336e-04,0.1,-0.0278344,-0.705078,4.34
6.368e-04,0.0976567,-0.02775,-0.699453,4.34
6.400e-04,-0.0992183,-0.0277875,-0.69,4.34016
6.432e-04,-0.0992183,-0.0273844,-0.689922,4.34
6.464e-04,-0.0999995,-0.0274312,-0.689922,4.34
6.496e-04,-0.11875,-0.0269875,-0.689922,4.34
6.528e-04,-0.2875,-0.0266625,-0.689922,4.34
6.560e-04,-0.228125,-0.0262687,-0.678984,4.34
6.592e-04,-0.244531,-0.0256656,-0.67,4.34
6.624e-04,-0.24375,-0.0245344,-0.67,4.33984
6.656e-04,-0.25625,-0.0233812,-0.669922,4.34016
6.688e-04,-0.270312,-0.0217812,-0.666875,4.34
6.720e-04,-0.261718,-0.0198062,-0.664609,4.34016
6.752e-04,-0.265625,-0.0179281,-0.656484,4.34
6.784e-04,-0.26875,-0.0164406,-0.65,4.33875
6.816e-04,-0.260156,-0.015325,-0.649922,4.34
6.848e-04,-0.264062,-0.0151125,-0.649922,4.34
6.880e-04,-0.272656,-0.015625,-0.643672,4.34
6.912e-04,-0.270312,-0.0159219,-0.644766,4.33906
6.944e-04,-0.264843,-0.0164312,-0.639844,4.34016
6.976e-04,-0.276562,-0.0168812,-0.63,4.34
7.008e-04,-0.278125,-0.0174562,-0.63,4.34
7.040e-04,-0.279687,-0.0184437,-0.63,4.34
7.072e-04,-0.277343,-0.0194562,-0.623906,4.33875
7.104e-04,-0.278906,-0.0207875,-0.623516,4.34
7.136e-04,-0.299218,-0.022125,-0.622109,4.34
7.168e-04,-0.267187,-0.0232937,-0.611563,4.33969
7.200e-04,-0.276562,-0.0244562,-0.61,4.34
7.232e-04,-0.255468,-0.0251594,-0.61,4.33906
7.264e-04,-0.275781,-0.0257219,-0.609922,4.33953
7.296e-04,-0.272656,-0.0265187,-0.605781,4.33984
7.328e-04,-0.259375,-0.0268406,-0.603359,4.33984
7.360e-04,-0.263281,-0.0271906,-0.590078,4.34016
7.392e-04,-0.275781,-0.0274687,-0.59,4.34016
7.424e-04,-0.291406,-0.0276,-0.589922,4.34
7.456e-04,-0.299218,-0.0276,-0.589922,4.34
7.488e-04,-0.275,-0.0276156,-0.589922,4.34
7.520e-04,-0.28125,-0.0276531,-0.589922,4.34016
7.552e-04,-0.263281,-0.0278062,-0.57,4.33937
7.584e-04,-0.299218,-0.0277562,-0.569922,4.34
7.616e-04,-0.273437,-0.0277469,-0.569922,4.34
7.648e-04,-0.275781,-0.0277625,-0.565781,4.33922
7.680e-04,-0.270312,-0.0277531,-0.56375,4.33984
7.712e-04,-0.263281,-0.0276187,-0.566094,4.34
7.744e-04,-0.275,-0.0273625,-0.556563,4.34
7.776e-04,-0.271093,-0.0273156,-0.549922,4.34
7.808e-04,-0.273437,-0.0272156,-0.549922,4.34
7.840e-04,-0.270312,-0.0272656,-0.549922,4.33969
7.872e-04,-0.271875,-0.027075,-0.546484,4.34
7.904e-04,-0.267968,-0.0267969,-0.544141,4.34016
7.936e-04,-0.270312,-0.0266906,-0.53375,4.34
7.968e-04,-0.267968,-0.0266031,-0.53,4.34
8.000e-04,-0.264843,-0.0265781,-0.53,4.34
8.032e-04,-0.267968,-0.026475,-0.52875,4.33984
8.064e-04,-0.260156,-0.0260781,-0.525547,4.33906
8.096e-04,-0.276562,-0.0259219,-0.526563,4.33969
8.128e-04,-0.274218,-0.0258375,-0.51875,4.34
8.160e-04,-0.275781,-0.0256156,-0.51,4.33906
8.192e-04,-0.167968,-0.0252812,-0.509922,4.34
8.224e-04,-0.257031,-0.0252094,-0.509922,4.33859
8.256e-04,-0.264843,-0.0250156,-0.505547,4.34
8.288e-04,-0.275,-0.0247969,-0.504922,4.34
8.320e-04,-0.282031,-0.0245406,-0.501641,4.34
8.352e-04,-0.264843,-0.0244031,-0.49,4.34
8.384e-04,-0.267968,-0.0241062,-0.49,4.33891
8.416e-04,-0.264062,-0.0236969,-0.489922,4.34
8.448e-04,-0.265625,-0.02365,-0.487422,4.34
8.480e-04,-0.259375,-0.0233125,-0.485938,4.33953
8.512e-04,-0.273437,-0.022975,-0.481563,4.34
8.544e-04,-0.282031,-0.0228812,-0.47,4.34
8.576e-04,-0.299218,-0.0226969,-0.47,4.33781
8.608e-04,-0.26875,-0.022175,-0.469922,4.34
8.640e-04,-0.253906,-0.0220844,-0.466563,4.34
8.672e-04,-0.266406,-0.0217531,-0.465469,4.34
8.704e-04,-0.264843,-0.0214094,-0.460078,4.34
8.736e-04,-0.246875,-0.0211969,-0.449922,4.33953
8.768e-04,-0.229687,-0.0207312,-0.45,4.34
8.800e-04,-0.228125,-0.0205812,-0.449922,4.34
8.832e-04,-0.235156,-0.0204,-0.446641,4.33984
8.864e-04,-0.252343,-0.0199375,-0.446406,4.34
8.896e-04,-0.250781,-0.019725,-0.443828,4.33641
8.928e-04,-0.260156,-0.0191937,-0.43,4.34016
8.960e-04,-0.275,-0.0190156,-0.430078,4.34
8.992e-04,-0.257812,-0.0186969,-0.43,4.34
9.024e-04,-0.267968,-0.018325,-0.429922,4.34
9.056e-04,-0.299218,-0.0179062,-0.428047,4.34
9.088e-04,-0.270312,-0.0174875,-0.423047,4.33984
9.120e-04,-0.275,-0.01735,-0.410078,4.34
9.152e-04,-0.277343,-0.0168281,-0.409922,4.34
9.184e-04,-0.272656,-0.0166375,-0.409922,4.34
9.216e-04,-0.260937,-0.0160125,-0.407969,4.34
9.248e-04,-0.299218,-0.0159219,-0.406953,4.34016
9.280e-04,-0.267187,-0.0154,-0.403984,4.33984
9.312e-04,-0.264062,-0.0151687,-0.39,4.34
9.344e-04,-0.259375,-0.0145469,-0.39,4.33844
9.376e-04,-0.263281,-0.0143687,-0.389922,4.34
9.408e-04,-0.252343,-0.0139094,-0.386875,4.33937
9.440e-04,-0.25625,-0.0135437,-0.385156,4.34
9.472e-04,-0.255468,-0.0131906,-0.386563,4.34
9.504e-04,-0.282812,-0.0127281,-0.373984,4.34
9.536e-04,-0.28125,-0.0121531,-0.37,4.33578
9.568e-04,-0.274218,-0.012,-0.369922,4.34016
9.600e-04,-0.254687,-0.01145,-0.37,4.33859
9.632e-04,-0.299218,-0.0111062,-0.369141,4.34
9.664e-04,-0.271875,-0.0105875,-0.362266,4.33953
9.696e-04,-0.254687,-0.0103594,-0.35,4.34
9.728e-04,-0.278125,-0.00975,-0.35,4.34016
9.760e-04,-0.264843,-0.00954062,-0.35,4.33687
9.792e-04,-0.257812,-0.00891562,-0.349922,4.33953
9.824e-04,-0.271093,-0.0086875,-0.34875,4.34
9.856e-04,-0.264843,-0.00807812,-0.343828,4.34016
9.888e-04,-0.289062,-0.00779375,-0.334766,4.34
9.920e-04,-0.278906,-0.007375,-0.33,4.34
9.952e-04,-0.264843,-0.00712187,-0.329922,4.34
9.984e-04,-0.265625,-0.0065,-0.329922,4.34
1.002e-03,-0.255468,-0.006175,-0.327656,4.34
1.005e-03,-0.283593,-0.005675,-0.322422,4.34
1.008e-03,-0.264843,-0.005125,-0.31,4.33891
1.011e-03,-0.269531,-0.00483437,-0.309922,4.34
1.014e-03,-0.263281,-0.00447812,-0.309922,4.33937
1.018e-03,-0.266406,-0.004025,-0.308516,4.33656
1.021e-03,-0.264843,-0.00350625,-0.307031,4.34016
1.024e-03,-0.271093,-0.00316875,-0.301328,4.34
1.027e-03,-0.273437,-0.00260937,-0.29,4.34
1.030e-03,-0.258593,-0.00238437,-0.29,4.33984
1.034e-03,-0.258593,-0.00182187,-0.289922,4.33953
1.037e-03,-0.252343,-0.00154062,-0.289219,4.34
1.040e-03,-0.267968,-0.000978124,-0.287266,4.33922
1.043e-03,-0.267187,-0.000693749,-0.285156,4.34
1.046e-03,-0.279687,-0.000228124,-0.274141,4.33969
1.050e-03,-0.265625,0.000128126,-0.27,4.34
1.053e-03,-0.269531,0.000712501,-0.269922,4.34
1.056e-03,-0.260937,0.00115313,-0.269922,4.34
1.059e-03,-0.26875,0.00156875,-0.267031,4.33969
1.062e-03,-0.26875,0.00214375,-0.265625,4.34
1.066e-03,-0.257031,0.00242813,-0.2575,4.34
1.069e-03,-0.267187,0.00297813,-0.25,4.34
1.072e-03,-0.272656,0.00343438,-0.249922,4.34
1.075e-03,-0.257812,0.00386875,-0.249922,4.34
1.078e-03,-0.2625,0.00445313,-0.249922,4.34
1.082e-03,-0.267968,0.00480313,-0.245781,4.34
1.085e-03,-0.260937,0.00529688,-0.234609,4.34
1.088e-03,-0.298437,0.00564375,-0.23,4.33797
1.091e-03,-0.271093,0.00620625,-0.229922,4.34
1.094e-03,-0.271875,0.00662813,-0.229922,4.34
1.098e-03,-0.257812,0.00705625,-0.227266,4.34016
1.101e-03,-0.264843,0.00762188,-0.2275,4.34
1.104e-03,-0.260156,0.00790625,-0.210547,4.33984
1.107e-03,-0.271093,0.00854688,-0.21,4.33875
1.110e-03,-0.260937,0.00883438,-0.21,4.33969
1.114e-03,-0.263281,0.00935,-0.209922,4.34
1.117e-03,-0.276562,0.00975,-0.209922,4.34
1.120e-03,-0.261718,0.0102844,-0.205156,4.34
1.123e-03,-0.271093,0.0108,-0.195859,4.33969
1.126e-03,-0.269531,0.0110875,-0.19,4.34
1.130e-03,-0.255468,0.0117969,-0.19,4.33594
1.133e-03,-0.257812,0.0120969,-0.189922,4.34
1.136e-03,-0.257812,0.0125688,-0.188672,4.34
1.139e-03,-0.253906,0.0130063,-0.186719,4.34
1.142e-03,-0.274218,0.0134219,-0.184219,4.33891
1.146e-03,-0.267968,0.0140531,-0.176563,4.34
1.149e-03,-0.261718,0.0144219,-0.17,4.33672
1.152e-03,-0.266406,0.0149438,-0.169922,4.34016
1.155e-03,-0.299218,0.0152906,-0.169922,4.33703
1.158e-03,-0.25625,0.0158281,-0.169688,4.34
1.162e-03,-0.255468,0.0165438,-0.166172,4.34
1.165e-03,-0.254687,0.0167656,-0.161641,4.34
1.168e-03,-0.245312,0.0173125,-0.157031,4.33984
1.171e-03,-0.260937,0.0176188,-0.15,4.34016
1.174e-03,-0.265625,0.0181813,-0.149922,4.33875
1.178e-03,-0.261718,0.0185656,-0.149922,4.34
1.181e-03,-0.261718,0.019,-0.148203,4.33969
1.184e-03,-0.257812,0.0195469,-0.143281,4.34
1.187e-03,-0.264843,0.0199688,-0.13,4.33891
1.190e-03,-0.253125,0.0205344,-0.13,4.34
1.194e-03,-0.269531,0.0209844,-0.129922,4.3375
1.197e-03,-0.26875,0.0215125,-0.129922,4.3375
1.200e-03,-0.258593,0.0220375,-0.13,4.33937
1.203e-03,-0.254687,0.0223813,-0.126094,4.33906
1.206e-03,-0.261718,0.0228781,-0.11,4.33812
1.210e-03,-0.275,0.0235,-0.11,4.34
1.213e-03,-0.249218,0.0238969,-0.109922,4.34
1.216e-03,-0.299218,0.0244125,-0.109922,4.34
1.219e-03,-0.253906,0.0247938,-0.108594,4.33672
1.222e-03,-0.259375,0.0253469,-0.105234,4.33812
1.226e-03,-0.244531,0.0258031,-0.100547,4.34
1.229e-03,-0.264843,0.0262313,-0.09,4.33812
1.232e-03,-0.257812,0.02685,-0.09,4.33953
1.235e-03,-0.257812,0.0272094,-0.0899219,4.34
1.238e-03,-0.253125,0.0277063,-0.0899219,4.34
1.242e-03,-0.25,0.0282625,-0.089375,4.34
1.245e-03,-0.155468,0.0286625,-0.0844531,4.33812
1.248e-03,-0.260156,0.0291656,-0.0744531,4.33922
1.251e-03,-0.257031,0.0295719,-0.0699219,4.33953
1.254e-03,-0.269531,0.030125,-0.0699219,4.34
1.258e-03,-0.253906,0.030475,-0.0699219,4.34
1.261e-03,-0.252343,0.0310531,-0.0699219,4.31781
1.264e-03,-0.239062,0.0315125,-0.065,4.33906
1.267e-03,-0.246875,0.0319438,-0.0578125,4.34016
1.270e-03,-0.251562,0.032475,-0.05,4.31953
1.274e-03,-0.246093,0.0327656,-0.0499219,4.34
1.277e-03,-0.248437,0.0332688,-0.05,4.33906
1.280e-03,-0.228906,0.0337094,-0.0499219,4.33906
1.283e-03,-0.253125,0.0342281,-0.0477344,4.34
1.286e-03,-0.242187,0.0345313,-0.0394531,4.34
1.290e-03,-0.236718,0.0350813,-0.03,4.34016
1.293e-03,-0.299218,0.0357313,-0.0299219,4.33922
1.296e-03,-0.241406,0.0359938,-0.0299219,4.33922
1.299e-03,-0.246875,0.036575,-0.0299219,4.33703
1.302e-03,-0.239843,0.0369594,-0.0253125,4.33734
1.306e-03,-0.235937,0.0374406,-0.0200781,4.34
1.309e-03,-0.226562,0.0378719,-0.01,4.34
1.312e-03,-0.235156,0.03825,-0.00992188,4.33953
1.315e-03,-0.230468,0.0388156,-0.01,4.33937
1.318e-03,-0.232031,0.0392594,-0.00992188,4.33969
1.322e-03,-0.217968,0.0396719,-0.00679688,4.33984
1.325e-03,-0.223437,0.0400875,-0.00171875,4.33797
1.328e-03,-0.228125,0.0406656,0.01,4.33906
1.331e-03,-0.228906,0.04095,0.01,4.34
1.334e-03,-0.215625,0.041475,0.0100781,4.33828
1.338e-03,-0.220312,0.0419219,0.0100781,4.34
1.341e-03,-0.217187,0.04235,0.0110937,4.34
1.344e-03,-0.121093,0.0427906,0.0182031,4.33828
1.347e-03,-0.2125,0.0431875,0.03,4.34
1.350e-03,-0.113281,0.04375,0.0300781,4.34
1.354e-03,-0.201562,0.0440281,0.0300781,4.33891
1.357e-03,-0.201562,0.0445781,0.03,4.33375
1.360e-03,-0.201562,0.0449156,0.0313281,4.33922
1.363e-03,-0.192968,0.0454625,0.0408594,4.33969
1.366e-03,-0.174218,0.0457344,0.0500781,4.33906
1.370e-03,-0.158593,0.0463031,0.05,4.33859
1.373e-03,-0.153906,0.046625,0.0500781,4.33828
1.376e-03,-0.15,0.0471062,0.0500781,4.34
1.379e-03,-0.124218,0.0474844,0.0515625,4.33781
1.382e-03,-0.0999995,0.0479625,0.060625,4.33875
1.386e-03,-0.0999995,0.0483375,0.07,4.34016
1.389e-03,-0.0999995,0.0487312,0.0700781,4.33984
1.392e-03,-0.0992183,0.049025,0.0700781,4.31906
1.395e-03,-0.0999995,0.0495406,0.0704687,4.33891
1.398e-03,-0.0999995,0.0499312,0.0732031,4.33953
1.402e-03,-0.0999995,0.0503687,0.0817969,4.33578
1.405e-03,-0.0999995,0.050725,0.09,4.33812
1.408e-03,-0.0992183,0.0511812,0.0900781,4.34
1.411e-03,-0.0992183,0.0515906,0.0900781,4.34
1.414e-03,-0.0999995,0.0520906,0.0900781,4.33812
1.418e-03,-0.0992183,0.0523781,0.091875,4.34016
1.421e-03,-0.0992183,0.0527937,0.103281,4.34
1.424e-03,-0.0992183,0.0530875,0.110078,4.34
1.427e-03,0.082813,0.0536,0.110078,4.34016
1.430e-03,0.1,0.0538312,0.110078,4.33781
1.434e-03,0.1,0.054425,0.110078,4.33812
1.437e-03,0.110157,0.0546437,0.112344,4.33625
1.440e-03,0.3,0.0551156,0.119141,4.33734
1.443e-03,0.403907,0.0553594,0.13,4.33875
1.446e-03,0.7,0.0557281,0.13,4.33969
1.450e-03,1.02813,0.0561625,0.130078,4.33703
1.453e-03,1.72266,0.0565594,0.130078,4.34
1.456e-03,3.09844,0.0569375,0.131016,4.33844
1.459e-03,5.23828,0.0571094,0.140547,4.34016
1.462e-03,7.5,0.0577312,0.15,4.33703
1.466e-03,8.73359,0.0578719,0.150078,4.33937
1.469e-03,8.71016,0.0582,0.150078,4.33891
1.472e-03,7.41875,0.0585437,0.150078,4.34
1.475e-03,5.4125,0.0588437,0.153281,4.33984
1.478e-03,3.49141,0.0593687,0.1675,4.34
1.482e-03,2.13672,0.0595094,0.170078,4.34
1.485e-03,1.29844,0.0601125,0.170078,4.33922
1.488e-03,0.735938,0.0602469,0.170078,4.33922
1.491e-03,0.485157,0.0605281,0.170078,4.34
1.494e-03,0.300782,0.0610219,0.170078,4.34
1.498e-03,0.140625,0.0611594,0.177109,4.34016
1.501e-03,0.1,0.0615719,0.19,4.33984
1.504e-03,0.0929692,0.0619125,0.19,4.33953
1.507e-03,-0.057812,0.0622,0.190078,4.34016
1.510e-03,-0.0999995,0.0626312,0.190078,4.33641
1.514e-03,-0.0999995,0.0627594,0.190078,4.34016
1.517e-03,-0.0992183,0.0631812,0.200703,4.33859
1.520e-03,-0.0999995,0.0634594,0.21,4.34016
1.523e-03,-0.0992183,0.063575,0.21,4.33734
1.526e-03,-0.0999995,0.0640844,0.210078,4.33656
1.530e-03,-0.0999995,0.0643031,0.210078,4.34
1.533e-03,-0.121875,0.0645812,0.210078,4.34
1.536e-03,-0.0999995,0.0649812,0.218906,4.34
1.539e-03,-0.196093,0.0651781,0.23,4.34
1.542e-03,-0.205468,0.0653219,0.230078,4.34
1.546e-03,-0.20625,0.065825,0.230078,4.33719
1.549e-03,-0.221093,0.0659687,0.230078,4.33844
1.552e-03,-0.2375,0.0661906,0.230078,4.33922
1.555e-03,-0.130468,0.0667156,0.235547,4.33687
1.558e-03,-0.23125,0.0667406,0.250078,4.3375
1.562e-03,-0.245312,0.0668875,0.250078,4.33984
1.565e-03,-0.257812,0.0672687,0.250078,4.34
1.568e-03,-0.248437,0.067525,0.250078,4.34
1.571e-03,-0.24375,0.0677187,0.250078,4.34
1.574e-03,-0.239062,0.0678937,0.252578,4.34
1.578e-03,-0.251562,0.0683406,0.262812,4.34
1.581e-03,-0.266406,0.0684812,0.27,4.34
1.584e-03,-0.254687,0.0686344,0.270078,4.34016
1.587e-03,-0.253125,0.0691187,0.270078,4.33984
1.590e-03,-0.257031,0.0692844,0.270078,4.33781
1.594e-03,-0.259375,0.0693156,0.270234,4.33984
1.597e-03,-0.272656,0.0695,0.287734,4.33984
1.600e-03,-0.157031,0.0696625,0.29,4.34
1.603e-03,-0.259375,0.0700375,0.290078,4.34016
1.606e-03,-0.266406,0.0701125,0.290078,4.33781
1.610e-03,-0.257031,0.0703187,0.290078,4.34
1.613e-03,-0.259375,0.0705094,0.290078,4.34
1.616e-03,-0.274218,0.0707781,0.294766,4.34
1.619e-03,-0.253125,0.0710125,0.31,4.33828
1.622e-03,-0.274218,0.0710844,0.31,4.34
1.626e-03,-0.26875,0.0711062,0.310078,4.33625
1.629e-03,-0.271093,0.0713625,0.310078,4.34
1.632e-03,-0.266406,0.0716687,0.310078,4.34
1.635e-03,-0.261718,0.0718281,0.312344,4.33875
1.638e-03,-0.274218,0.0719,0.328594,4.33922
1.642e-03,-0.25625,0.0720281,0.330078,4.34
1.645e-03,-0.274218,0.07205,0.330078,4.33922
1.648e-03,-0.267187,0.0722687,0.330078,4.33875
1.651e-03,-0.271093,0.0725937,0.330078,4.33984
1.654e-03,-0.267968,0.0726469,0.333203,4.34016
1.658e-03,-0.267968,0.0727625,0.340937,4.34
1.661e-03,-0.273437,0.0728781,0.35,4.33984
1.664e-03,-0.267187,0.0729219,0.350078,4.34
1.667e-03,-0.26875,0.0729344,0.35,4.33953
1.670e-03,-0.260156,0.0730719,0.350078,4.34
1.674e-03,-0.267187,0.0732875,0.350078,4.34
1.677e-03,-0.278906,0.0735125,0.358437,4.33812
1.680e-03,-0.265625,0.0736062,0.37,4.33937
1.683e-03,-0.285937,0.0736844,0.370078,4.34
1.686e-03,-0.275,0.0736437,0.370078,4.34
1.690e-03,-0.264062,0.0737469,0.370078,4.33859
1.693e-03,-0.263281,0.073875,0.370078,4.34
1.696e-03,-0.273437,0.0739,0.374453,4.33906
1.699e-03,-0.269531,0.0739219,0.39,4.34
1.702e-03,-0.3,0.0739844,0.39,4.33922
1.706e-03,-0.257031,0.0739844,0.390078,4.33891
1.709e-03,-0.271875,0.0739656,0.390078,4.33875
1.712e-03,-0.2625,0.0741812,0.390078,4.34
1.715e-03,-0.282031,0.0741312,0.390078,4.33859
1.718e-03,-0.260156,0.0741219,0.396641,4.33969
1.722e-03,-0.260156,0.0741906,0.41,4.34
1.725e-03,-0.257812,0.074525,0.410078,4.33719
1.728e-03,-0.272656,0.0744375,0.410078,4.33859
1.731e-03,-0.267187,0.0745562,0.410078,4.34
1.734e-03,-0.269531,0.0745469,0.410078,4.34
1.738e-03,-0.264843,0.0746125,0.4125,4.34
1.741e-03,-0.266406,0.0745906,0.43,4.34016
1.744e-03,-0.264843,0.0746094,0.430078,4.33891
1.747e-03,-0.26875,0.0746281,0.43,4.33672
1.750e-03,-0.299218,0.0745281,0.430078,4.33703
1.754e-03,-0.274218,0.0746562,0.430078,4.34
1.757e-03,-0.26875,0.0746625,0.430781,4.3375
1.760e-03,-0.282812,0.0741812,0.445312,4.33594
1.763e-03,-0.276562,0.0745875,0.450078,4.33672
1.766e-03,-0.280468,0.0742594,0.450078,4.34
1.770e-03,-0.284375,0.0741031,0.450078,4.34
1.773e-03,-0.274218,0.0740062,0.450078,4.33781
1.776e-03,-0.263281,0.0739969,0.450937,4.33875
1.779e-03,-0.275781,0.0740156,0.464531,4.33672
1.782e-03,-0.1625,0.0740031,0.47,4.34
1.786e-03,-0.259375,0.0739937,0.470078,4.33859
1.789e-03,-0.252343,0.074,0.47,4.33562
1.792e-03,-0.271875,0.0739906,0.470078,4.33937
1.795e-03,-0.261718,0.0739906,0.470078,4.33969
1.798e-03,-0.269531,0.0739937,0.472266,4.34
1.802e-03,-0.299218,0.0737094,0.489609,4.33937
1.805e-03,-0.261718,0.0736656,0.49,4.33703
1.808e-03,-0.282031,0.0732531,0.49,4.33687
1.811e-03,-0.264843,0.0732187,0.490078,4.33703
1.814e-03,-0.274218,0.0732156,0.490078,4.33781
1.818e-03,-0.25625,0.0732,0.494531,4.33859
1.821e-03,-0.266406,0.0732,0.509922,4.33844
1.824e-03,-0.275,0.0731906,0.51,4.31687
1.827e-03,-0.275,0.0730531,0.510078,4.33719
1.830e-03,-0.270312,0.0724469,0.510078,4.34
1.834e-03,-0.267187,0.0724594,0.510078,4.3375
1.837e-03,-0.267968,0.0724281,0.510078,4.33875
1.840e-03,-0.267968,0.0724156,0.517266,4.33547
1.843e-03,-0.267968,0.0724062,0.53,4.33609
1.846e-03,-0.261718,0.0717437,0.53,4.3375
1.850e-03,-0.259375,0.0716844,0.530078,4.33844
1.853e-03,-0.26875,0.0716375,0.530156,4.33828
1.856e-03,-0.263281,0.0716344,0.530469,4.33891
1.859e-03,-0.264062,0.0716156,0.544453,4.33781
1.862e-03,-0.260156,0.071,0.55,4.33875
1.866e-03,-0.26875,0.0708812,0.550078,4.34
1.869e-03,-0.269531,0.0708562,0.55,4.33937
1.872e-03,-0.280468,0.0708281,0.550078,4.33812
1.875e-03,-0.265625,0.0702312,0.553906,4.33594
1.878e-03,-0.267187,0.0702031,0.57,4.34016
1.882e-03,-0.267968,0.0701375,0.570078,4.33703
1.885e-03,-0.271875,0.0700625,0.570078,4.33625
1.888e-03,-0.282031,0.0695406,0.570078,4.34
1.891e-03,-0.260156,0.0694031,0.570078,4.33578
1.894e-03,-0.261718,0.0693406,0.572578,4.33984
1.898e-03,-0.258593,0.0688687,0.588203,4.33703
1.901e-03,-0.270312,0.0687062,0.59,4.34
1.904e-03,-0.263281,0.0686219,0.59,4.33953
1.907e-03,-0.277343,0.0680094,0.590078,4.33578
1.910e-03,-0.251562,0.0678969,0.590156,4.33719
1.914e-03,-0.282812,0.0678281,0.590078,4.33703
1.917e-03,-0.273437,0.0672062,0.602187,4.33766
1.920e-03,-0.274218,0.0671156,0.61,4.33875
1.923e-03,-0.264062,0.0669969,0.610078,4.33906
1.926e-03,-0.267187,0.0664687,0.610078,4.33922
1.930e-03,-0.274218,0.0663375,0.610078,4.33781
1.933e-03,-0.261718,0.066075,0.610156,4.33703
1.936e-03,-0.263281,0.0656187,0.617734,4.33625
1.939e-03,-0.299218,0.0655031,0.629922,4.33844
1.942e-03,-0.28125,0.0651531,0.63,4.3375
1.946e-03,-0.266406,0.0648656,0.630078,4.34016
1.949e-03,-0.264062,0.0647375,0.630078,4.33828
1.952e-03,-0.271093,0.0641406,0.630156,4.33859
1.955e-03,-0.255468,0.0639906,0.633125,4.34016
1.958e-03,-0.274218,0.0635031,0.650078,4.31578
1.962e-03,-0.271093,0.0633125,0.65,4.33609
1.965e-03,-0.266406,0.062725,0.650078,4.33484
1.968e-03,-0.264062,0.0625062,0.650078,4.33578
1.971e-03,-0.267968,0.0620156,0.650078,4.34
1.974e-03,-0.2625,0.0618656,0.650156,4.33984
1.978e-03,-0.272656,0.0616406,0.664609,4.33859
1.981e-03,-0.299218,0.0609969,0.670078,4.33656
1.984e-03,-0.266406,0.0606156,0.670078,4.33656
1.987e-03,-0.260156,0.0602219,0.670078,4.34016
1.990e-03,-0.267968,0.0600125,0.67,4.34
1.994e-03,-0.258593,0.0594812,0.670078,4.33578
1.997e-03,-0.260937,0.059125,0.674609,4.33641
2.000e-03,-0.25,0.0587906,0.69,4.3375
2.003e-03,-0.2625,0.0585469,0.690078,4.33641
2.006e-03,-0.266406,0.0579094,0.690078,4.33844
2.010e-03,-0.26875,0.05735,0.690078,4.33766
2.013e-03,-0.259375,0.0571906,0.690078,4.33766
2.016e-03,-0.246875,0.0565094,0.693594,4.33734
2.019e-03,-0.257812,0.0563906,0.71,4.33984
2.022e-03,-0.259375,0.0557594,0.71,4.33859
2.026e-03,-0.260937,0.0555687,0.710078,4.33719
2.029e-03,-0.257031,0.0549219,0.710078,4.33672
2.032e-03,-0.260156,0.0547562,0.710078,4.33734
2.035e-03,-0.260937,0.054075,0.715703,4.33484
2.038e-03,-0.251562,0.0536625,0.73,4.31906
2.042e-03,-0.259375,0.0532719,0.730078,4.33906
2.045e-03,-0.254687,0.0525719,0.730078,4.33609
2.048e-03,-0.253125,0.0524125,0.730078,4.34
2.051e-03,-0.264062,0.0517281,0.730078,4.33797
2.054e-03,-0.265625,0.0514906,0.733203,4.33922
2.058e-03,-0.257031,0.050925,0.75,4.34
2.061e-03,-0.258593,0.0501594,0.75,4.33797
2.064e-03,-0.265625,0.0498125,0.75,4.335
2.067e-03,-0.259375,0.0493437,0.750078,4.33312
2.070e-03,-0.25625,0.0486375,0.750078,4.33844
2.074e-03,-0.299218,0.0484281,0.750156,4.33719
2.077e-03,-0.251562,0.0478031,0.763281,4.33812
2.080e-03,-0.253125,0.0471219,0.77,4.33953
2.083e-03,-0.25625,0.0464156,0.77,4.33594
2.086e-03,-0.257031,0.0461562,0.770078,4.33484
2.090e-03,-0.251562,0.0454875,0.77,4.33594
2.093e-03,-0.242968,0.0450094,0.770156,4.34
2.096e-03,-0.255468,0.0445531,0.781094,4.33859
2.099e-03,-0.255468,0.0438562,0.79,4.34
2.102e-03,-0.260156,0.0431625,0.790078,4.33562
2.106e-03,-0.263281,0.0429094,0.790078,4.34
2.109e-03,-0.148437,0.0422563,0.790078,4.33641
2.112e-03,-0.253906,0.0415969,0.790078,4.34
2.115e-03,-0.246875,0.0408219,0.794609,4.33984
2.118e-03,-0.253125,0.0403188,0.81,4.33672
2.122e-03,-0.251562,0.0398438,0.81,4.33594
2.125e-03,-0.238281,0.0391281,0.81,4.33891
2.128e-03,-0.238281,0.0384781,0.810078,4.33594
2.131e-03,-0.248437,0.0379031,0.810078,4.33875
2.134e-03,-0.250781,0.037375,0.810078,4.33437
2.138e-03,-0.240625,0.0367313,0.819844,4.33641
2.141e-03,-0.222656,0.0360344,0.83,4.33812
2.144e-03,-0.248437,0.0353813,0.83,4.34
2.147e-03,-0.244531,0.034725,0.830078,4.33969
2.150e-03,-0.24375,0.0341938,0.830078,4.33969
2.154e-03,-0.235156,0.0335625,0.830078,4.3175
2.157e-03,-0.244531,0.032875,0.832031,4.33984
2.160e-03,-0.242187,0.0321031,0.85,4.3375
2.163e-03,-0.234375,0.0314656,0.85,4.33891
2.166e-03,-0.2375,0.0307063,0.850078,4.31656
2.170e-03,-0.230468,0.0302594,0.850078,4.34
2.173e-03,-0.2375,0.02945,0.850156,4.33781
2.176e-03,-0.236718,0.0289406,0.851094,4.33609
2.179e-03,-0.235156,0.0282125,0.868984,4.33578
2.182e-03,-0.228906,0.027375,0.87,4.33828
2.186e-03,-0.229687,0.0266844,0.87,4.31984
2.189e-03,-0.224218,0.0260281,0.870078,4.33625
2.192e-03,-0.233593,0.0251594,0.870078,4.34016
2.195e-03,-0.23125,0.0244438,0.870078,4.33625
2.198e-03,-0.225,0.0236906,0.8725,4.34
2.202e-03,-0.215625,0.0230156,0.889922,4.33766
2.205e-03,-0.207812,0.0221938,0.89,4.34
2.208e-03,-0.196093,0.0215313,0.890078,4.33062
2.211e-03,-0.203125,0.0208875,0.890078,4.3225
2.214e-03,-0.192968,0.0201188,0.890078,4.31937
2.218e-03,-0.1875,0.0194,0.891406,4.32062
2.221e-03,-0.192968,0.0186719,0.904453,4.32
2.224e-03,-0.0999995,0.0179,0.91,4.32219
2.227e-03,-0.172656,0.0170563,0.910078,4.31812
2.230e-03,-0.176562,0.01635,0.910078,4.31969
2.234e-03,-0.152343,0.0155938,0.910078,4.3225
2.237e-03,-0.136718,0.0148,0.910078,4.31719
2.240e-03,-0.117968,0.0139781,0.914687,4.32594
2.243e-03,-0.0992183,0.0132781,0.93,4.32156
2.246e-03,-0.0992183,0.0124156,0.930078,4.32078
2.250e-03,-0.0999995,0.0116625,0.930078,4.32187
2.253e-03,-0.0999995,0.010875,0.93,4.32297
2.256e-03,-0.0999995,0.0100563,0.93,4.32625
2.259e-03,-0.0992183,0.00932813,0.930156,4.32547
2.262e-03,-0.0992183,0.00846563,0.936797,4.32094
2.266e-03,-0.0992183,0.00765625,0.95,4.31891
2.269e-03,-0.0992183,0.006875,0.950078,4.32219
2.272e-03,-0.0999995,0.0060625,0.950078,4.31828
2.275e-03,-0.0437495,0.00508125,0.950078,4.32016
2.278e-03,0.0882817,0.00433438,0.950078,4.31797
2.282e-03,0.108594,0.00325313,0.955781,4.31969
2.285e-03,0.3,0.00245938,0.97,4.3225
2.288e-03,0.514844,0.00149688,0.97,4.31766
2.291e-03,0.782032,0.000725001,0.97,4.31781
2.294e-03,1.22188,-0.000165624,0.970078,4.31969
2.298e-03,1.70625,-0.000928124,0.970078,4.32297
2.301e-03,1.92031,-0.00179687,0.970625,4.32141
2.304e-03,1.79297,-0.00265937,0.986016,4.32203
2.307e-03,1.29766,-0.0035,0.99,4.31937
2.310e-03,0.808594,-0.00451875,0.990078,4.32016
2.314e-03,0.4625,-0.0053875,0.990078,4.32016
2.317e-03,0.260157,-0.0063375,0.990078,4.33312
2.320e-03,0.0992192,-0.00721562,0.990234,4.32187
2.323e-03,0.0250005,-0.008,0.996172,4.32094
2.326e-03,-0.0992183,-0.00889375,1.01,4.32203
2.330e-03,-0.0999995,-0.00978437,1.01,4.33672
2.333e-03,-0.0999995,-0.0106344,1.01,4.31969
2.336e-03,-0.0992183,-0.0115437,1.01,4.31969
2.339e-03,-0.163281,-0.0126219,1.01008,4.31719
2.342e-03,-0.18125,-0.0134969,1.01094,4.31969
2.346e-03,-0.117187,-0.0144125,1.02523,4.31906
2.349e-03,-0.215625,-0.0154031,1.03,4.32109
2.352e-03,-0.299218,-0.016225,1.03008,4.32109
2.355e-03,-0.223437,-0.0172687,1.03008,4.32203
2.358e-03,-0.240625,-0.0183094,1.03008,4.32406
2.362e-03,-0.242968,-0.0191344,1.03008,4.32062
2.365e-03,-0.239843,-0.0200312,1.0368,4.31797
2.368e-03,-0.239843,-0.0209437,1.05,4.32094
2.371e-03,-0.24375,-0.0219312,1.05,4.31828
2.374e-03,-0.246093,-0.0230187,1.05008,4.32187
2.378e-03,-0.259375,-0.0238781,1.05008,4.31906
2.381e-03,-0.257812,-0.0247531,1.05008,4.32062
2.384e-03,-0.245312,-0.025675,1.05016,4.32078
2.387e-03,-0.253125,-0.0266469,1.055,4.32016
2.390e-03,-0.263281,-0.0277125,1.07,4.31937
2.394e-03,-0.258593,-0.0286406,1.07008,4.32328
2.397e-03,-0.259375,-0.0295312,1.07008,4.32078
2.400e-03,-0.299218,-0.0304281,1.07008,4.33437
2.403e-03,-0.265625,-0.0314062,1.07008,4.32141
2.406e-03,-0.257812,-0.0324594,1.0732,4.32125
2.410e-03,-0.258593,-0.0333906,1.09,4.32047
2.413e-03,-0.25,-0.0343031,1.09008,4.32016
2.416e-03,-0.258593,-0.0353,1.09008,4.32391
2.419e-03,-0.253125,-0.036275,1.09008,4.32
2.422e-03,-0.253906,-0.0374062,1.09008,4.32422
2.426e-03,-0.253906,-0.0383,1.09023,4.3225
2.429e-03,-0.267187,-0.0391031,1.10234,4.325
2.432e-03,-0.258593,-0.0399906,1.11,4.32281
2.435e-03,-0.260156,-0.0409687,1.11008,4.32406
2.438e-03,-0.25625,-0.0420344,1.11008,4.33422
2.442e-03,-0.26875,-0.0430531,1.11016,4.33266
2.445e-03,-0.259375,-0.0438719,1.11008,4.31734
2.448e-03,-0.253906,-0.0449031,1.11445,4.32125
2.451e-03,-0.253906,-0.0458781,1.13008,4.32016
2.454e-03,-0.253125,-0.0469937,1.13008,4.33422
2.458e-03,-0.254687,-0.0477906,1.13,4.32297
2.461e-03,-0.253906,-0.0487781,1.13008,4.31953
2.464e-03,-0.25625,-0.0497,1.13,4.32297
2.467e-03,-0.246875,-0.0508156,1.13172,4.32094
2.470e-03,-0.24375,-0.0517656,1.14883,4.31922
2.474e-03,-0.253906,-0.0527062,1.15,4.31906
2.477e-03,-0.260156,-0.0536812,1.15008,4.33344
2.480e-03,-0.265625,-0.0545531,1.15008,4.32062
2.483e-03,-0.260156,-0.0553812,1.15008,4.33312
2.486e-03,-0.261718,-0.0557375,1.15008,4.31859
2.490e-03,-0.255468,-0.0561687,1.15086,4.31891
2.493e-03,-0.250781,-0.0563969,1.1693,4.32172
2.496e-03,-0.260156,-0.0567562,1.17,4.32344
2.499e-03,-0.267187,-0.057075,1.17008,4.31937
2.502e-03,-0.255468,-0.0571969,1.17008,4.32031
2.506e-03,-0.2625,-0.0572,1.17008,4.32344
2.509e-03,-0.249218,-0.0572,1.17125,4.32156
2.512e-03,-0.251562,-0.0572,1.19,4.31953
2.515e-03,-0.267968,-0.0572,1.19,4.335
2.518e-03,-0.249218,-0.0572,1.19008,4.31906
2.522e-03,-0.299218,-0.0572,1.19008,4.31828
2.525e-03,-0.299218,-0.0572,1.19008,4.31719
2.528e-03,-0.248437,-0.0572,1.19078,4.32219
2.531e-03,-0.247656,-0.0572,1.2093,4.31922
2.534e-03,-0.232031,-0.0572,1.21,4.32078
2.538e-03,-0.227343,-0.0572,1.21008,4.32062
2.541e-03,-0.257031,-0.0572,1.21008,4.31891
2.544e-03,-0.15,-0.0572,1.21008,4.33406
2.547e-03,-0.147656,-0.0572,1.21016,4.32406
2.550e-03,-0.169531,-0.0572,1.21508,4.31797
2.554e-03,-0.207031,-0.0572,1.23,4.32031
2.557e-03,-0.219531,-0.0572,1.23,4.31797
2.560e-03,-0.2375,-0.0572,1.23,4.32172
2.563e-03,-0.244531,-0.0572,1.23008,4.3225
2.566e-03,-0.242968,-0.0572,1.23008,4.32094
2.570e-03,-0.253125,-0.0572,1.24305,4.32031
2.573e-03,-0.254687,-0.0572,1.25,4.32187
2.576e-03,-0.259375,-0.0572,1.25008,4.32141
2.579e-03,-0.2625,-0.0572,1.25,4.31875
2.582e-03,-0.248437,-0.0572,1.25008,4.32219
2.586e-03,-0.255468,-0.0572,1.25008,4.31969
2.589e-03,-0.257812,-0.0572,1.25023,4.32094
2.592e-03,-0.250781,-0.0572,1.26375,4.32219
2.595e-03,-0.261718,-0.0572,1.27008,4.32219
2.598e-03,-0.259375,-0.0572,1.27008,4.32203
2.602e-03,-0.263281,-0.0572,1.27008,4.32234
2.605e-03,-0.257031,-0.0572,1.27008,4.33406
2.608e-03,-0.254687,-0.0572,1.27008,4.31937
2.611e-03,-0.260156,-0.0572,1.27031,4.31781
2.614e-03,-0.253906,-0.0572,1.28281,4.3225
2.618e-03,-0.257812,-0.0572,1.29,4.32062
2.621e-03,-0.258593,-0.0572,1.29,4.32078
2.624e-03,-0.248437,-0.0572,1.29008,4.32094
2.627e-03,-0.271093,-0.0572,1.29008,4.32219
2.630e-03,-0.255468,-0.0572,1.29062,4.33203
2.634e-03,-0.259375,-0.0572,1.29781,4.32062
2.637e-03,-0.25625,-0.0572,1.31,4.32031
2.640e-03,-0.2625,-0.0572,1.31008,4.32172
2.643e-03,-0.259375,-0.0572,1.31,4.31984
2.646e-03,-0.257031,-0.0572,1.31008,4.32109
2.650e-03,-0.257031,-0.0572,1.31023,4.32062
2.653e-03,-0.263281,-0.0572,1.32102,4.32266
2.656e-03,-0.299218,-0.0572,1.33,4.32125
2.659e-03,-0.257031,-0.0572,1.33008,4.31984
2.662e-03,-0.261718,-0.0572,1.33,4.31906
2.666e-03,-0.257031,-0.0572,1.33008,4.31953
2.669e-03,-0.260937,-0.0572,1.33008,4.31937
2.672e-03,-0.251562,-0.0572,1.33016,4.31891
2.675e-03,-0.267968,-0.0572,1.34414,4.32219
2.678e-03,-0.253125,-0.0572,1.35,4.32187
2.682e-03,-0.269531,-0.0572,1.35,4.31937
2.685e-03,-0.25625,-0.0572,1.35008,4.33391
2.688e-03,-0.267187,-0.0572,1.35008,4.31906
2.691e-03,-0.259375,-0.0572,1.35008,4.32328
2.694e-03,-0.258593,-0.0572,1.35125,4.32031
2.698e-03,-0.257031,-0.0572,1.36422,4.32156
2.701e-03,-0.250781,-0.0572,1.37,4.32484
2.704e-03,-0.25625,-0.0572,1.37,4.32062
2.707e-03,-0.265625,-0.0572,1.37,4.33375
2.710e-03,-0.267968,-0.0572,1.37008,4.32203
2.714e-03,-0.252343,-0.0572,1.37016,4.32078
2.717e-03,-0.255468,-0.0572,1.37328,4.32156
2.720e-03,-0.244531,-0.0572,1.38742,4.32047
2.723e-03,-0.249218,-0.0572,1.39,4.31
2.726e-03,-0.258593,-0.0572,1.39008,4.33094
2.730e-03,-0.24375,-0.0572,1.39008,4.31875
2.733e-03,-0.260156,-0.0572,1.39008,4.32266
2.736e-03,-0.299218,-0.0572,1.39055,4.31984
2.739e-03,-0.253906,-0.0572,1.39664,4.32062
2.742e-03,-0.249218,-0.0572,1.41,4.32219
2.746e-03,-0.254687,-0.0572,1.41008,4.31703
2.749e-03,-0.24375,-0.0572,1.41008,4.32125
2.752e-03,-0.264062,-0.0572,1.41008,4.31859
2.755e-03,-0.249218,-0.0572,1.41008,4.32094
2.758e-03,-0.258593,-0.0572,1.41797,4.33406
2.762e-03,-0.242187,-0.0572,1.42187,4.32031
2.765e-03,-0.248437,-0.0572,1.43,4.31984
2.768e-03,-0.299218,-0.0572,1.43008,4.31812
2.771e-03,-0.25625,-0.0572,1.43008,4.31844
2.774e-03,-0.24375,-0.0572,1.43008,4.32062
2.778e-03,-0.25,-0.0572,1.43016,4.31797
2.781e-03,-0.266406,-0.0572,1.43328,4.32141
2.784e-03,-0.252343,-0.0572,1.44719,4.32187
2.787e-03,-0.242968,-0.0572,1.45,4.31812
2.790e-03,-0.251562,-0.0572,1.45008,4.32187
2.794e-03,-0.240625,-0.0572,1.45008,4.31937
2.797e-03,-0.249218,-0.0572,1.45008,4.33328
2.800e-03,-0.248437,-0.0572,1.45094,4.31937
2.803e-03,-0.249218,-0.0572,1.46266,4.31953
2.806e-03,-0.242187,-0.0572,1.47,4.32172
2.810e-03,-0.240625,-0.0572,1.47008,4.32109
2.813e-03,-0.234375,-0.0572,1.47008,4.32062
2.816e-03,-0.232812,-0.0572,1.47008,4.32391
2.819e-03,-0.249218,-0.0572,1.47031,4.31703
2.822e-03,-0.234375,-0.0572,1.48164,4.33266
2.826e-03,-0.239062,-0.0572,1.49,4.30937
2.829e-03,-0.228125,-0.0572,1.49008,4.31781
2.832e-03,-0.236718,-0.0572,1.49008,4.32109
2.835e-03,-0.242187,-0.0572,1.49008,4.31906
2.838e-03,-0.242968,-0.0572,1.49008,4.32109
2.842e-03,-0.246093,-0.0572,1.49148,4.3175
2.845e-03,-0.239062,-0.0572,1.51,4.31906
2.848e-03,-0.242187,-0.0572,1.51,4.31922
2.851e-03,-0.236718,-0.0572,1.51,4.31859
2.854e-03,-0.135937,-0.0572,1.51008,4.32078
2.858e-03,-0.235156,-0.0572,1.51008,4.31984
2.861e-03,-0.235156,-0.0572,1.51016,4.31687
2.864e-03,-0.232031,-0.0572,1.51234,4.31953
2.867e-03,-0.225781,-0.0572,1.52672,4.32031
2.870e-03,-0.234375,-0.0572,1.53008,4.31891
2.874e-03,-0.240625,-0.0572,1.53008,4.32312
2.877e-03,-0.2375,-0.0572,1.53008,4.32156
2.880e-03,-0.227343,-0.0572,1.53008,4.31891
2.883e-03,-0.226562,-0.0572,1.53008,4.31844
2.886e-03,-0.2375,-0.0572,1.5382,4.32062
2.890e-03,-0.225781,-0.0572,1.55,4.32359
2.893e-03,-0.232812,-0.0572,1.55,4.31781
2.896e-03,-0.299218,-0.0572,1.55,4.32078
2.899e-03,-0.225781,-0.0572,1.55008,4.31906
2.902e-03,-0.230468,-0.0572,1.55008,4.31875
2.906e-03,-0.229687,-0.0572,1.55008,4.32062
2.909e-03,-0.217968,-0.0572,1.55906,4.31937
2.912e-03,-0.214062,-0.0572,1.57,4.32141
2.915e-03,-0.227343,-0.0572,1.57008,4.33312
2.918e-03,-0.207812,-0.0572,1.57008,4.31891
2.922e-03,-0.220312,-0.0572,1.57008,4.32234
2.925e-03,-0.217968,-0.0572,1.57008,4.31984
2.928e-03,-0.202343,-0.0572,1.57187,4.31828
2.931e-03,-0.207031,-0.0572,1.58711,4.31984
2.934e-03,-0.199218,-0.0572,1.59008,4.32047
2.938e-03,-0.203906,-0.0572,1.59,4.31875
2.941e-03,-0.202343,-0.0572,1.59,4.31859
2.944e-03,-0.201562,-0.0572,1.59008,4.31656
2.947e-03,-0.196093,-0.0572,1.59641,4.31734
2.950e-03,-0.195312,-0.0572,1.60258,4.33437
2.954e-03,-0.0999995,-0.0572,1.61,4.32328
2.957e-03,-0.186718,-0.0572,1.61008,4.32234
2.960e-03,-0.178906,-0.0572,1.61008,4.32344
2.963e-03,-0.164843,-0.0572,1.61008,4.31766
2.966e-03,-0.0999995,-0.0572,1.61008,4.31859
2.970e-03,-0.100781,-0.0569969,1.61016,4.32078
2.973e-03,-0.160156,-0.0549594,1.61703,4.31891
2.976e-03,-0.1625,-0.05125,1.63,4.32047
2.979e-03,-0.164843,-0.0467687,1.63,4.31844
2.982e-03,-0.129687,-0.0423375,1.63,4.33656
2.986e-03,-0.126562,-0.0388031,1.63008,4.32328
2.989e-03,-0.120312,-0.0363844,1.63008,4.31969
2.992e-03,-0.104687,-0.0350562,1.63312,4.30922
2.995e-03,-0.0999995,-0.0342875,1.65,4.32094
2.998e-03,-0.0999995,-0.0338312,1.65008,4.31875
3.002e-03,-0.0999995,-0.034175,1.65008,4.32
3.005e-03,-0.0999995,-0.0352625,1.65008,4.31812
3.008e-03,-0.0999995,-0.0372656,1.65016,4.31937
3.011e-03,-0.0999995,-0.0402094,1.65023,4.32234
3.014e-03,-0.0999995,-0.0432594,1.65789,4.31781
3.018e-03,-0.0999995,-0.0459594,1.67008,4.31891
3.021e-03,-0.0999995,-0.0481094,1.67,4.32547
3.024e-03,-0.0999995,-0.0500312,1.67008,4.32
3.027e-03,-0.0992183,-0.0520156,1.67008,4.31922
3.030e-03,-0.0999995,-0.0538344,1.67008,4.31812
3.034e-03,-0.0999995,-0.0554875,1.67656,4.32297
3.037e-03,-0.0999995,-0.0567844,1.68719,4.31828
3.040e-03,-0.0992183,-0.0572,1.69,4.32047
3.043e-03,-0.0992183,-0.0560875,1.69008,4.31719
3.046e-03,-0.0992183,-0.0536156,1.69,4.31937
3.050e-03,-0.0992183,-0.0503375,1.69008,4.33375
3.053e-03,-0.0992183,-0.0470094,1.69008,4.32234
3.056e-03,-0.0999995,-0.0443594,1.69234,4.32016
3.059e-03,-0.0992183,-0.0427344,1.70672,4.31891
3.062e-03,-0.0679683,-0.042375,1.71,4.31828
3.066e-03,-0.0492183,-0.0427906,1.71008,4.31906
3.069e-03,0.017188,-0.0437062,1.71008,4.31562
3.072e-03,0.1,-0.0453719,1.71008,4.32031
3.075e-03,0.1,-0.0472906,1.71008,4.31922
3.078e-03,0.100782,-0.0486,1.71828,4.31937
3.082e-03,0.100782,-0.049075,1.73,4.32203
3.085e-03,0.21875,-0.0498094,1.73,4.31469
3.088e-03,0.300782,-0.0511312,1.73008,4.31984
3.091e-03,0.310157,-0.0528844,1.73,4.32141
3.094e-03,0.5,-0.0548625,1.73008,4.32109
3.098e-03,0.7,-0.0565437,1.73016,4.33406
3.101e-03,0.90625,-0.0572,1.73656,4.31906
3.104e-03,1.27813,-0.0572,1.75,4.32187
3.107e-03,1.76406,-0.0572,1.75008,4.32109
3.110e-03,2.60859,-0.0572,1.75008,4.31984
3.114e-03,4.12656,-0.0572,1.75,4.32078
3.117e-03,7.01563,-0.0572,1.75016,4.30875
3.120e-03,12.3063,-0.0572,1.75258,4.31953
3.123e-03,19.8891,-0.0572,1.76742,4.32156
3.126e-03,26.5375,-0.0572,1.77008,4.31828
3.130e-03,27.7477,-0.0572,1.77,4.32125
3.133e-03,22.975,-0.0572,1.77,4.30906
3.136e-03,16.0867,-0.0572,1.77008,4.32
3.139e-03,10.407,-0.0572,1.77023,4.32078
3.142e-03,6.57969,-0.0572,1.77836,4.33203
3.146e-03,4.14844,-0.0572,1.78969,4.32281
3.149e-03,2.67188,-0.0572,1.79,4.31781
3.152e-03,1.76797,-0.0572,1.79,4.31812
3.155e-03,1.21094,-0.0572,1.79008,4.32
3.158e-03,0.857032,-0.0572,1.79008,4.32078
3.162e-03,0.626563,-0.0572,1.79172,4.31781
3.165e-03,0.482032,-0.0572,1.80195,4.32
3.168e-03,0.3,-0.0572,1.81008,4.33328
3.171e-03,0.29375,-0.0572,1.81008,4.31844
3.174e-03,0.104688,-0.0572,1.81008,4.31937
3.178e-03,0.100782,-0.0572,1.81008,4.31906
3.181e-03,0.1,-0.0572,1.81031,4.32094
3.184e-03,0.0531255,-0.0572,1.81523,4.32187
3.187e-03,-0.057812,-0.0572,1.83,4.31922
3.190e-03,-0.0992183,-0.0572,1.83,4.32078
3.194e-03,-0.0992183,-0.0572,1.83008,4.31766
3.197e-03,-0.0992183,-0.0572,1.83008,4.31891
3.200e-03,-0.0992183,-0.0572,1.83008,4.31703
3.203e-03,-0.0992183,-0.0572,1.83008,4.32375
3.206e-03,-0.0999995,-0.0572,1.83187,4.32094
3.210e-03,-0.0999995,-0.0572,1.8425,4.31672
3.213e-03,-0.0992183,-0.0572,1.85,4.31969
3.216e-03,-0.0999995,-0.0572,1.85,4.31812
3.219e-03,-0.0999995,-0.0572,1.85008,4.32172
3.222e-03,-0.0999995,-0.0572,1.85008,4.33312
3.226e-03,-0.100781,-0.0572,1.85078,4.33266
3.229e-03,-0.0999995,-0.0572,1.85945,4.32094
3.232e-03,-0.185937,-0.0572,1.87,4.31859
3.235e-03,-0.18125,-0.0572,1.87008,4.31672
3.238e-03,-0.1875,-0.0572,1.87008,4.31875
3.242e-03,-0.207031,-0.0572,1.87,4.32156
3.245e-03,-0.208593,-0.0572,1.87008,4.31656
3.248e-03,-0.217187,-0.0572,1.87203,4.33281
3.251e-03,-0.2375,-0.0572,1.88422,4.31703
3.254e-03,-0.226562,-0.0572,1.89,4.31625
3.258e-03,-0.221875,-0.0572,1.89008,4.32047
3.261e-03,-0.228906,-0.0572,1.89008,4.32062
3.264e-03,-0.232812,-0.0572,1.89008,4.32
3.267e-03,-0.2375,-0.0572,1.89016,4.33437
3.270e-03,-0.248437,-0.0572,1.89727,4.31766
3.274e-03,-0.248437,-0.0572,1.91008,4.33484
3.277e-03,-0.2375,-0.0572,1.91,4.32109
3.280e-03,-0.244531,-0.0572,1.91008,4.31969
3.283e-03,-0.259375,-0.0572,1.91008,4.31672
3.286e-03,-0.264062,-0.0572,1.91008,4.31797
3.290e-03,-0.269531,-0.0572,1.91008,4.32062
3.293e-03,-0.251562,-0.0572,1.91391,4.32297
3.296e-03,-0.252343,-0.0572,1.92789,4.30828
3.299e-03,-0.267968,-0.0572,1.93008,4.33328
3.302e-03,-0.257812,-0.0572,1.93008,4.31875
3.306e-03,-0.274218,-0.0572,1.93008,4.31797
3.309e-03,-0.2625,-0.0572,1.93008,4.32078
3.312e-03,-0.263281,-0.0572,1.93133,4.31141
3.315e-03,-0.259375,-0.0572,1.94281,4.32016
3.318e-03,-0.253906,-0.0572,1.95008,4.32
3.322e-03,-0.257812,-0.0572,1.95,4.31766
3.325e-03,-0.257031,-0.0572,1.95008,4.33391
3.328e-03,-0.248437,-0.0572,1.95008,4.33094
3.331e-03,-0.267187,-0.0572,1.95016,4.31906
3.334e-03,-0.274218,-0.0572,1.95039,4.32047
3.338e-03,-0.267968,-0.0572,1.95984,4.32219
3.341e-03,-0.26875,-0.0572,1.97008,4.31891
3.344e-03,-0.2625,-0.0572,1.97,4.30812
3.347e-03,-0.267968,-0.0572,1.97008,4.32391
3.350e-03,-0.270312,-0.0572,1.97,4.31906
3.354e-03,-0.278906,-0.0572,1.97016,4.31875
3.357e-03,-0.282812,-0.0572,1.9768,4.31937
3.360e-03,-0.263281,-0.0572,1.99,4.32234
3.363e-03,-0.257812,-0.0572,1.99008,4.31953
3.366e-03,-0.266406,-0.0572,1.99,4.31594
3.370e-03,-0.273437,-0.0572,1.99008,4.31594
3.373e-03,-0.271875,-0.0572,1.99008,4.32141
3.376e-03,-0.299218,-0.0572,1.99516,4.31984
3.379e-03,-0.269531,-0.0572,2.01008,4.31625
3.382e-03,-0.266406,-0.0572,2.01008,4.32062
3.386e-03,-0.25,-0.0572,2.01008,4.32109
3.389e-03,-0.261718,-0.0572,2.01008,4.31969
3.392e-03,-0.273437,-0.0572,2.01,4.33406
3.395e-03,-0.266406,-0.0572,2.01039,4.3325
3.398e-03,-0.263281,-0.0572,2.02156,4.31828
3.402e-03,-0.264843,-0.0572,2.03008,4.32172
3.405e-03,-0.267968,-0.0572,2.03008,4.31719
3.408e-03,-0.276562,-0.0572,2.03,4.32
3.411e-03,-0.257812,-0.0572,2.03008,4.31906
3.414e-03,-0.270312,-0.0572,2.03008,4.31859
3.418e-03,-0.269531,-0.0572,2.03094,4.32078
3.421e-03,-0.299218,-0.0572,2.04273,4.32391
3.424e-03,-0.270312,-0.0572,2.05008,4.32062
3.427e-03,-0.299218,-0.0572,2.05008,4.32047
3.430e-03,-0.260937,-0.0572,2.05008,4.32172
3.434e-03,-0.2625,-0.0572,2.05008,4.31594
3.437e-03,-0.270312,-0.0572,2.05016,4.32031
3.440e-03,-0.278125,-0.0572,2.05359,4.32047
3.443e-03,-0.266406,-0.0572,2.06945,4.32203
3.446e-03,-0.267187,-0.0572,2.07,4.31906
3.450e-03,-0.260937,-0.0572,2.07008,4.31937
3.453e-03,-0.28125,-0.0572,2.07008,4.31687
3.456e-03,-0.273437,-0.0572,2.07008,4.31906
3.459e-03,-0.2625,-0.0572,2.07016,4.32078
3.462e-03,-0.275,-0.0572,2.08227,4.32047
3.466e-03,-0.271875,-0.0572,2.09008,4.32031
3.469e-03,-0.26875,-0.0572,2.09,4.32094
3.472e-03,-0.278125,-0.0572,2.09,4.31984
3.475e-03,-0.264062,-0.0572,2.09008,4.31906
3.478e-03,-0.275,-0.0572,2.09008,4.31797
3.482e-03,-0.259375,-0.0572,2.09039,4.31781
3.485e-03,-0.299218,-0.0572,2.1007,4.31734
3.488e-03,-0.270312,-0.0572,2.11,4.33266
3.491e-03,-0.3,-0.0572,2.11,4.31953
3.494e-03,-0.259375,-0.0572,2.11008,4.31812
3.498e-03,-0.273437,-0.0572,2.11008,4.31797
3.501e-03,-0.2625,-0.0572,2.11016,4.32062
3.504e-03,-0.278125,-0.0572,2.1132,4.31953
3.507e-03,-0.275,-0.0572,2.12914,4.31969
3.510e-03,-0.267187,-0.0572,2.13,4.31984
3.514e-03,-0.25625,-0.0572,2.13008,4.31859
3.517e-03,-0.264062,-0.0572,2.13008,4.33328
3.520e-03,-0.299218,-0.0572,2.13008,4.31781
3.523e-03,-0.271093,-0.0572,2.13031,4.31687
3.526e-03,-0.266406,-0.0572,2.13836,4.32109
3.530e-03,-0.28125,-0.0572,2.15,4.31922
3.533e-03,-0.264843,-0.0572,2.15008,4.31516
3.536e-03,-0.26875,-0.0572,2.15008,4.31984
3.539e-03,-0.272656,-0.0572,2.15008,4.32312
3.542e-03,-0.258593,-0.0572,2.15008,4.33219
3.546e-03,-0.264062,-0.0572,2.15133,4.31906
3.549e-03,-0.271093,-0.0572,2.16336,4.31969
3.552e-03,-0.275,-0.0572,2.17,4.33109
3.555e-03,-0.272656,-0.0572,2.17008,4.32172
3.558e-03,-0.266406,-0.0572,2.17008,4.33422
3.562e-03,-0.278125,-0.0572,2.17016,4.32109
3.565e-03,-0.261718,-0.0572,2.17008,4.31953
3.568e-03,-0.271093,-0.0572,2.17344,4.32078
3.571e-03,-0.261718,-0.0572,2.18836,4.31812
3.574e-03,-0.263281,-0.0572,2.19008,4.31609
3.578e-03,-0.280468,-0.0572,2.19008,4.31812
3.581e-03,-0.270312,-0.0572,2.19008,4.31625
3.584e-03,-0.153906,-0.0572,2.19008,4.31672
3.587e-03,-0.267968,-0.0572,2.19008,4.31437
3.590e-03,-0.278906,-0.0572,2.19352,4.31656
3.594e-03,-0.267968,-0.0572,2.2082,4.31844
3.597e-03,-0.267187,-0.0572,2.21,4.33141
3.600e-03,-0.257812,-0.0572,2.21008,4.31656
3.603e-03,-0.26875,-0.0572,2.21008,4.32094
3.606e-03,-0.277343,-0.0572,2.21,4.32
3.610e-03,-0.267968,-0.0572,2.21094,4.32203
3.613e-03,-0.26875,-0.0572,2.21656,4.31891
3.616e-03,-0.299218,-0.0572,2.23,4.32922
3.619e-03,-0.263281,-0.0572,2.23008,4.33531
3.622e-03,-0.263281,-0.0572,2.23008,4.31828
3.626e-03,-0.266406,-0.0572,2.23008,4.31547
3.629e-03,-0.299218,-0.0572,2.23031,4.31922
3.632e-03,-0.299218,-0.0572,2.23164,4.33109
3.635e-03,-0.250781,-0.0572,2.2443,4.33203
3.638e-03,-0.261718,-0.0572,2.25,4.31734
3.642e-03,-0.254687,-0.0572,2.25008,4.33516
3.645e-03,-0.270312,-0.0572,2.25,4.31937
3.648e-03,-0.299218,-0.0572,2.25008,4.31859
3.651e-03,-0.269531,-0.0572,2.25008,4.31766
3.654e-03,-0.299218,-0.0572,2.25047,4.32172
3.658e-03,-0.276562,-0.0572,2.26078,4.33328
3.661e-03,-0.270312,-0.0572,2.27,4.31922
3.664e-03,-0.274218,-0.0572,2.27008,4.3175
3.667e-03,-0.299218,-0.0572,2.27008,4.33453
3.670e-03,-0.264062,-0.0572,2.27008,4.33203
3.674e-03,-0.253125,-0.0572,2.27,4.31984
3.677e-03,-0.258593,-0.0572,2.27039,4.31984
3.680e-03,-0.271093,-0.0572,2.28297,4.33328
3.683e-03,-0.261718,-0.0572,2.29,4.31844
3.686e-03,-0.260156,-0.0572,2.29008,4.33328
3.690e-03,-0.286718,-0.0572,2.29008,4.3175
3.693e-03,-0.266406,-0.0572,2.29008,4.31641
3.696e-03,-0.26875,-0.0572,2.29031,4.33109
3.699e-03,-0.260156,-0.0572,2.29906,4.31828
3.702e-03,-0.264843,-0.0572,2.31008,4.32062
3.706e-03,-0.265625,-0.0572,2.31008,4.31922
3.709e-03,-0.270312,-0.0572,2.31008,4.32359
3.712e-03,-0.260937,-0.0572,2.31008,4.31562
3.715e-03,-0.257031,-0.0572,2.31008,4.33406
3.718e-03,-0.257031,-0.0572,2.31023,4.32
3.722e-03,-0.257812,-0.0572,2.31523,4.33406
3.725e-03,-0.254687,-0.0572,2.33,4.31969
3.728e-03,-0.264843,-0.0572,2.33008,4.31875
3.731e-03,-0.255468,-0.0572,2.33008,4.31844
3.734e-03,-0.266406,-0.0569375,2.33008,4.31891
3.738e-03,-0.264062,-0.0564969,2.33008,4.33391
3.741e-03,-0.253125,-0.0560094,2.33172,4.32094
3.744e-03,-0.260937,-0.05545,2.34383,4.31859
3.747e-03,-0.253906,-0.0548344,2.35008,4.32203
3.750e-03,-0.255468,-0.0540687,2.35008,4.31891
3.754e-03,-0.266406,-0.0532844,2.35008,4.31781
3.757e-03,-0.261718,-0.0525375,2.35008,4.33375
3.760e-03,-0.265625,-0.0516437,2.35,4.33266
3.763e-03,-0.264062,-0.0507,2.35172,4.32016
3.766e-03,-0.252343,-0.0495781,2.36297,4.31922
3.770e-03,-0.257031,-0.0486344,2.37008,4.31984
3.773e-03,-0.261718,-0.0476594,2.37008,4.32406
3.776e-03,-0.264062,-0.0465937,2.37008,4.32062
3.779e-03,-0.253125,-0.0455844,2.37008,4.31609
3.782e-03,-0.266406,-0.0446687,2.37008,4.33437
3.786e-03,-0.265625,-0.04375,2.3707,4.31625
3.789e-03,-0.2625,-0.0427687,2.3757,4.31828
3.792e-03,-0.267968,-0.0416656,2.39,4.31781
3.795e-03,-0.248437,-0.0406562,2.39008,4.31891
3.798e-03,-0.257812,-0.0397375,2.39008,4.33453
3.802e-03,-0.25625,-0.0388,2.39008,4.33297
3.805e-03,-0.247656,-0.0378625,2.39008,4.31547
3.808e-03,-0.299218,-0.0367625,2.39211,4.3325
3.811e-03,-0.247656,-0.0357812,2.40117,4.31812
3.814e-03,-0.25,-0.0348156,2.41008,4.32047
3.818e-03,-0.247656,-0.033775,2.41008,4.32187
3.821e-03,-0.245312,-0.0327719,2.41008,4.33234
3.824e-03,-0.253906,-0.0317812,2.41008,4.31578
3.827e-03,-0.24375,-0.0308562,2.41023,4.31703
3.830e-03,-0.247656,-0.0298562,2.4118,4.31859
3.834e-03,-0.246093,-0.0288625,2.41805,4.32375
3.837e-03,-0.247656,-0.0278781,2.43008,4.31859
3.840e-03,-0.138281,-0.0269375,2.43008,4.31891
3.843e-03,-0.246093,-0.0259531,2.43008,4.31906
3.846e-03,-0.247656,-0.0249625,2.43008,4.32187
3.850e-03,-0.239843,-0.0238906,2.43008,4.32
3.853e-03,-0.24375,-0.022925,2.43008,4.33312
3.856e-03,-0.232812,-0.022,2.43008,4.31734
3.859e-03,-0.236718,-0.021125,2.43008,4.31609
3.862e-03,-0.242968,-0.0201281,2.43008,4.31641
3.866e-03,-0.233593,-0.0190469,2.43008,4.31797
3.869e-03,-0.228125,-0.0181656,2.43008,4.31891
3.872e-03,-0.225781,-0.0172062,2.43008,4.31984
3.875e-03,-0.219531,-0.0162094,2.43008,4.32109
3.878e-03,-0.210156,-0.0151719,2.43008,4.32016
3.882e-03,-0.20625,-0.014225,2.43008,4.31969
3.885e-03,-0.199218,-0.0133562,2.43008,4.32141
3.888e-03,-0.189062,-0.0123219,2.43008,4.31672
3.891e-03,-0.188281,-0.0112937,2.43008,4.31859
3.894e-03,-0.165625,-0.0103906,2.43008,4.31937
3.898e-03,-0.169531,-0.00944062,2.43008,4.32016
3.901e-03,-0.146875,-0.00852812,2.43008,4.31625
3.904e-03,-0.140625,-0.00769062,2.43008,4.31875
3.907e-03,-0.0999995,-0.00674062,2.43008,4.30875
3.910e-03,-0.105468,-0.00585937,2.43008,4.31797
3.914e-03,-0.0999995,-0.00505312,2.43008,4.32062
3.917e-03,-0.0992183,-0.00428437,2.43008,4.31953
3.920e-03,-0.0999995,-0.00334375,2.43008,4.31656
3.923e-03,-0.0992183,-0.00271875,2.43008,4.31703
3.926e-03,-0.0999995,-0.00200312,2.43008,4.31875
3.930e-03,-0.0999995,-0.001275,2.43008,4.31625
3.933e-03,-0.0999995,-0.000740624,2.43008,4.31734
3.936e-03,-0.0992183,-0.000109374,2.43008,4.31906
3.939e-03,-0.0992183,0.000303126,2.43008,4.32219
3.942e-03,-0.0992183,0.000878126,2.43008,4.31781
3.946e-03,-0.0999995,0.00125938,2.43008,4.32141
3.949e-03,-0.0992183,0.00167188,2.43008,4.30703
3.952e-03,-0.0992183,0.00189063,2.43008,4.31687
3.955e-03,-0.0992183,0.00199688,2.43008,4.31766
3.958e-03,-0.0992183,0.00215625,2.43008,4.31937
3.962e-03,-0.0992183,0.00227813,2.43008,4.31656
3.965e-03,-0.0992183,0.00226563,2.43008,4.31609
3.968e-03,-0.0992183,0.0022,2.43008,4.30766
3.971e-03,-0.0992183,0.00205313,2.43008,4.32047
3.974e-03,-0.0992183,0.00195625,2.43008,4.31875
3.978e-03,-0.0992183,0.00177188,2.43008,4.31687
3.981e-03,-0.0992183,0.00136875,2.43008,4.31859
3.984e-03,-0.0992183,0.00100625,2.43008,4.33344
3.987e-03,-0.0992183,0.000462501,2.43008,4.32062
3.990e-03,-0.0992183,-6.8749e-05,2.43008,4.30844
3.994e-03,-0.0999995,-0.000624999,2.43008,4.31594
3.997e-03,-0.0999995,-0.0013625,2.43008,4.31828
4.000e-03,-0.0992183,-0.00215625,2.43008,4.31828
4.003e-03,-0.0999995,-0.00300312,2.43008,4.31687
4.006e-03,-0.0999995,-0.00386875,2.43008,4.31609
4.010e-03,-0.0999995,-0.00485312,2.43008,4.31828
4.013e-03,-0.0999995,-0.005925,2.43008,4.31844
4.016e-03,-0.0999995,-0.006825,2.43008,4.31766
4.019e-03,-0.115625,-0.00775937,2.43008,4.31625
4.022e-03,-0.129687,-0.00888125,2.43008,4.33266
4.026e-03,-0.135937,-0.0100125,2.43008,4.31828
4.029e-03,-0.15625,-0.0110969,2.43008,4.31844
4.032e-03,-0.160937,-0.0121656,2.43008,4.33094
4.035e-03,-0.171093,-0.0133469,2.43008,4.31641
4.038e-03,-0.189062,-0.0144031,2.41312,4.31984
4.042e-03,-0.103906,-0.0157156,2.41039,4.31781
4.045e-03,-0.207812,-0.0168281,2.41008,4.31578
4.048e-03,-0.213281,-0.0181875,2.41008,4.3325
4.051e-03,-0.221093,-0.019225,2.40336,4.31953
4.054e-03,-0.225781,-0.0205531,2.39055,4.31984
4.058e-03,-0.230468,-0.021725,2.39008,4.31797
4.061e-03,-0.2375,-0.0229344,2.39008,4.31937
4.064e-03,-0.225781,-0.0241562,2.38359,4.31859
4.067e-03,-0.298437,-0.0254062,2.37086,4.31906
4.070e-03,-0.226562,-0.0266469,2.37008,4.31906
4.074e-03,-0.299218,-0.0278656,2.37008,4.31672
4.077e-03,-0.232031,-0.029125,2.37008,4.32109
4.080e-03,-0.24375,-0.0303719,2.35672,4.31828
4.083e-03,-0.242187,-0.031625,2.35008,4.31922
4.086e-03,-0.242187,-0.0328344,2.35008,4.32109
4.090e-03,-0.245312,-0.0341594,2.35,4.31859
4.093e-03,-0.235937,-0.0353375,2.33312,4.33531
4.096e-03,-0.251562,-0.0366062,2.33008,4.3175
4.099e-03,-0.242187,-0.03775,2.33008,4.31953
4.102e-03,-0.251562,-0.0389719,2.33,4.31391
4.106e-03,-0.254687,-0.0401656,2.31117,4.315
4.109e-03,-0.260937,-0.0414156,2.31008,4.33109
4.112e-03,-0.258593,-0.0426406,2.31008,4.33187
4.115e-03,-0.257812,-0.043775,2.31008,4.32219
4.118e-03,-0.25625,-0.0450031,2.29234,4.31703
4.122e-03,-0.246875,-0.0462219,2.29008,4.31516
4.125e-03,-0.254687,-0.0475437,2.29008,4.33375
4.128e-03,-0.257812,-0.0487094,2.28891,4.33203
4.131e-03,-0.259375,-0.0498562,2.27023,4.31562
4.134e-03,-0.25,-0.0510781,2.27008,4.31891
4.138e-03,-0.265625,-0.0522469,2.27008,4.31609
4.141e-03,-0.254687,-0.0533094,2.27008,4.33219

